{"wta315997": {"player_id": "wta315997", "wpi_rank": 99.0, "tour_rank": 98, "performance_score": 18.63721675237491, "volume_score": 14.032044086131238, "sentiment": 0.06609810969523576, "win_prob_prematch": 0.4609693545253668, "upset_alert": 0}, "wta317584": {"player_id": "wta317584", "wpi_rank": 76.0, "tour_rank": 112, "performance_score": 18.63721675237491, "volume_score": 8.24196790266975, "sentiment": 0.39122280357372796, "win_prob_prematch": 0.5390306454746332, "upset_alert": 0}, "publication_date_milliseconds": 1656388238481}