{"wta325639": {"player_id": "wta325639", "wpi_rank": 80.0, "tour_rank": 170, "performance_score": 68.97145538575957, "volume_score": 5.68988720273405, "sentiment": 0.4085009056821124, "win_prob_prematch": 0.355873161911556, "upset_alert": 0}, "wta312850": {"player_id": "wta312850", "wpi_rank": 19.0, "tour_rank": 36, "performance_score": 50.97657287553344, "volume_score": 14.65080658013564, "sentiment": -0.023303579193550864, "win_prob_prematch": 0.644126838088444, "upset_alert": 0}, "publication_date_milliseconds": 1656518426511}