{"atpge33": {"player_id": "atpge33", "wpi_rank": 78.0, "tour_rank": 109, "performance_score": 46.49123582786494, "volume_score": 14.70099227054849, "sentiment": 0.10841063206658011, "win_prob_prematch": 0.3985757463848086, "upset_alert": 0}, "atpbd06": {"player_id": "atpbd06", "wpi_rank": 13.0, "tour_rank": 19, "performance_score": 73.66326476466739, "volume_score": 7.054229973291827, "sentiment": 0.052443808215084514, "win_prob_prematch": 0.6014242536151915, "upset_alert": 0}, "publication_date_milliseconds": 1656583215326}