{"wta319125": {"player_id": "wta319125", "wpi_rank": 53.0, "tour_rank": 118, "performance_score": 72.8522914197782, "volume_score": 13.237791180996515, "sentiment": 0.225654730319713, "win_prob_prematch": 0.4622408781239947, "upset_alert": 0}, "wta313974": {"player_id": "wta313974", "wpi_rank": 12.0, "tour_rank": 7, "performance_score": 62.55063056051789, "volume_score": 6.632824521994446, "sentiment": 0.17968280943928563, "win_prob_prematch": 0.5377591218760053, "upset_alert": 0}, "publication_date_milliseconds": 1656592223332}