{"wta320301": {"player_id": "wta320301", "wpi_rank": 65.0, "tour_rank": 79, "performance_score": 18.63679927587033, "volume_score": 9.095104138010596, "sentiment": 0.4083642876208929, "win_prob_prematch": 0.6114935554534396, "upset_alert": 0}, "wta325639": {"player_id": "wta325639", "wpi_rank": 121.0, "tour_rank": 170.0, "performance_score": 18.63679927587033, "volume_score": 9.028548102265567, "sentiment": 0.42830804840000214, "win_prob_prematch": 0.38850644454656036, "upset_alert": 0}, "publication_date_milliseconds": 1656324050176}