{"atpke17": {"player_id": "atpke17", "wpi_rank": 3.0, "tour_rank": 40, "performance_score": 98.517153636922, "volume_score": 14.92059313854523, "sentiment": -0.007104774900173277, "win_prob_prematch": 0.3947678430004967, "upset_alert": 0}, "atpn409": {"player_id": "atpn409", "wpi_rank": 1.0, "tour_rank": 4, "performance_score": 99.09713082390103, "volume_score": 16.56181451259103, "sentiment": -0.02446338314031775, "win_prob_prematch": 0.6052321569995033, "upset_alert": 0}, "publication_date_milliseconds": 1657219218286}