{"atpkb05": {"player_id": "atpkb05", "wpi_rank": 30.0, "tour_rank": 31, "performance_score": 79.683658489131, "volume_score": 7.349611758671313, "sentiment": 0.15640704928463303, "win_prob_prematch": 0.42141056507925256, "upset_alert": 0}, "atpke17": {"player_id": "atpke17", "wpi_rank": 14.0, "tour_rank": 40, "performance_score": 71.18170401683854, "volume_score": 14.981781841979588, "sentiment": 0.05361890053471353, "win_prob_prematch": 0.5785894349207474, "upset_alert": 0}, "publication_date_milliseconds": 1656588615912}