{"wta328560": {"player_id": "wta328560", "wpi_rank": 3.0, "tour_rank": 12, "performance_score": 92.91736521662402, "volume_score": 14.375716932850967, "sentiment": 0.1712913674736635, "win_prob_prematch": 0.5150695976593916, "upset_alert": 0}, "wta326384": {"player_id": "wta326384", "wpi_rank": 19.0, "tour_rank": 25, "performance_score": 76.53423630106768, "volume_score": 7.9934703961881235, "sentiment": 0.14128432993591158, "win_prob_prematch": 0.48493040234060836, "upset_alert": 0}, "publication_date_milliseconds": 1656765020308}