{"atpgd64": {"player_id": "atpgd64", "wpi_rank": 7.0, "tour_rank": 43, "performance_score": 95.89365084942288, "volume_score": 10.855396075262206, "sentiment": -0.23693978825903972, "win_prob_prematch": 0.47499752550452623, "upset_alert": 0}, "atpke17": {"player_id": "atpke17", "wpi_rank": 3.0, "tour_rank": 40, "performance_score": 94.67573479032343, "volume_score": 15.483301417754431, "sentiment": -0.257973144374977, "win_prob_prematch": 0.5250024744954738, "upset_alert": 0}, "publication_date_milliseconds": 1657117215571}