{"wta312121": {"player_id": "wta312121", "wpi_rank": 31.0, "tour_rank": 37, "performance_score": 18.63721675237491, "volume_score": 10.62708262156298, "sentiment": 0.1694348559878713, "win_prob_prematch": 0.5750546171226367, "upset_alert": 0}, "wta317683": {"player_id": "wta317683", "wpi_rank": 43.0, "tour_rank": 33, "performance_score": 18.63721675237491, "volume_score": 8.606468273160083, "sentiment": -0.12483453942597304, "win_prob_prematch": 0.4249453828773633, "upset_alert": 0}, "publication_date_milliseconds": 1656388228204}