{"wta317819": {"player_id": "wta317819", "wpi_rank": 35.0, "tour_rank": 46.0, "performance_score": 18.63679927587033, "volume_score": 14.932512179754541, "sentiment": 0.1512132762073261, "win_prob_prematch": 0.3925990759870388, "upset_alert": 0}, "wta328366": {"player_id": "wta328366", "wpi_rank": 11.0, "tour_rank": 11, "performance_score": 18.63679927587033, "volume_score": 15.785760558005803, "sentiment": -0.00269492053289843, "win_prob_prematch": 0.6074009240129612, "upset_alert": 0}, "publication_date_milliseconds": 1656343545943}