{"wta314660": {"player_id": "wta314660", "wpi_rank": 127.0, "tour_rank": 114.0, "performance_score": 18.637077594774954, "volume_score": 1.9585048984807611, "sentiment": 0.43525383330214085, "win_prob_prematch": 0.31440826881907447, "upset_alert": 0}, "wta313169": {"player_id": "wta313169", "wpi_rank": 32.0, "tour_rank": 43, "performance_score": 18.637077594774954, "volume_score": 9.102122674996451, "sentiment": 0.3508446329554389, "win_prob_prematch": 0.6855917311809255, "upset_alert": 0}, "publication_date_milliseconds": 1656354336208}