{"atpbm95": {"player_id": "atpbm95", "wpi_rank": 35.0, "tour_rank": 47, "performance_score": 56.620001061251926, "volume_score": 10.628438014043901, "sentiment": 0.22177124735853576, "win_prob_prematch": 0.49, "upset_alert": 0}, "atpb0cd": {"player_id": "atpb0cd", "wpi_rank": 23.0, "tour_rank": 34, "performance_score": 52.72476431363532, "volume_score": 5.663105576878858, "sentiment": -0.009833975399488104, "win_prob_prematch": 0.51, "upset_alert": 0}, "publication_date_milliseconds": 1656600612166}