{"atpcg94": {"player_id": "atpcg94", "wpi_rank": 125.0, "tour_rank": 207.0, "performance_score": 18.63679927587033, "volume_score": 8.697542751160293, "sentiment": 0.33373165168210883, "win_prob_prematch": 0.26654134590816203, "upset_alert": 0}, "atpi186": {"player_id": "atpi186", "wpi_rank": 20.0, "tour_rank": 25, "performance_score": 18.63679927587033, "volume_score": 16.30401022300709, "sentiment": 0.11999795915688023, "win_prob_prematch": 0.733458654091838, "upset_alert": 0}, "publication_date_milliseconds": 1656334520247}