{"wta324166": {"player_id": "wta324166", "wpi_rank": 2.0, "tour_rank": 23, "performance_score": 98.45705010090374, "volume_score": 13.675967359831535, "sentiment": -0.05405401636832428, "win_prob_prematch": 0.5252814762351757, "upset_alert": 0}, "wta314320": {"player_id": "wta314320", "wpi_rank": 3.0, "tour_rank": 18, "performance_score": 98.8216197244889, "volume_score": 11.429762218127577, "sentiment": 0.02627954958550105, "win_prob_prematch": 0.47471852376482426, "upset_alert": 0}, "publication_date_milliseconds": 1657204816946}