{"atpd643": {"player_id": "atpd643", "wpi_rank": 1.0, "tour_rank": 3, "performance_score": 98.86150502199864, "volume_score": 16.112902943084016, "sentiment": -0.04351738261417511, "win_prob_prematch": 0.5693147769307986, "upset_alert": 0}, "atpn771": {"player_id": "atpn771", "wpi_rank": 4.0, "tour_rank": 12, "performance_score": 98.27911093971849, "volume_score": 13.234675454433908, "sentiment": -0.15476311190244554, "win_prob_prematch": 0.43068522306920143, "upset_alert": 0}, "publication_date_milliseconds": 1657289416393}