{"wta110536": {"player_id": "wta110536", "wpi_rank": 31.0, "tour_rank": 38.0, "performance_score": 18.63679927587033, "volume_score": 10.07081562203271, "sentiment": 0.4109131542618635, "win_prob_prematch": 0.5508275985813885, "upset_alert": 0}, "wta327077": {"player_id": "wta327077", "wpi_rank": 63.0, "tour_rank": 77, "performance_score": 18.63679927587033, "volume_score": 10.819349170711794, "sentiment": 0.095159650014419, "win_prob_prematch": 0.4491724014186115, "upset_alert": 0}, "publication_date_milliseconds": 1656345345027}