{"wta313485": {"player_id": "wta313485", "wpi_rank": 98.0, "tour_rank": 104.0, "performance_score": 18.63679927587033, "volume_score": 9.763770443795647, "sentiment": -0.08684279197413751, "win_prob_prematch": 0.553354693968869, "upset_alert": 0}, "wta315806": {"player_id": "wta315806", "wpi_rank": 105.0, "tour_rank": 132, "performance_score": 18.63679927587033, "volume_score": 2.131124264555805, "sentiment": 0.3613251867332829, "win_prob_prematch": 0.44664530603113095, "upset_alert": 0}, "publication_date_milliseconds": 1656334246722}