{"atpgc88": {"player_id": "atpgc88", "wpi_rank": 50.0, "tour_rank": 65, "performance_score": 65.61720643118666, "volume_score": 8.367087040345261, "sentiment": 0.09312066689471071, "win_prob_prematch": 0.4576913471698203, "upset_alert": 0}, "atpmv14": {"player_id": "atpmv14", "wpi_rank": 20.0, "tour_rank": 51, "performance_score": 54.34184693209757, "volume_score": 14.892901993384863, "sentiment": 0.24109564496444938, "win_prob_prematch": 0.5423086528301797, "upset_alert": 0}, "publication_date_milliseconds": 1656583217467}