{"wta311779": {"player_id": "wta311779", "wpi_rank": 28.0, "tour_rank": 41, "performance_score": 18.63721675237491, "volume_score": 10.690088163388456, "sentiment": 0.4941565537568896, "win_prob_prematch": 0.7509082331118764, "upset_alert": 0}, "wta314237": {"player_id": "wta314237", "wpi_rank": 120.0, "tour_rank": 108, "performance_score": 18.63721675237491, "volume_score": 12.706265501803644, "sentiment": 0.0728462655604537, "win_prob_prematch": 0.24909176688812357, "upset_alert": 0}, "publication_date_milliseconds": 1656388237633}