{"wta320124": {"player_id": "wta320124", "wpi_rank": 6.0, "tour_rank": 4, "performance_score": 18.63721675237491, "volume_score": 12.18891013723672, "sentiment": 0.29862144287206843, "win_prob_prematch": 0.7897058095032586, "upset_alert": 0}, "wta320218": {"player_id": "wta320218", "wpi_rank": 126.0, "tour_rank": 236, "performance_score": 18.63721675237491, "volume_score": 8.204918869272374, "sentiment": 0.0969474208599372, "win_prob_prematch": 0.21029419049674136, "upset_alert": 0}, "publication_date_milliseconds": 1656388232607}