{"atpmk66": {"player_id": "atpmk66", "wpi_rank": 22.0, "tour_rank": 55, "performance_score": 65.61190017156906, "volume_score": 5.804605833348073, "sentiment": 0.20351381666666668, "win_prob_prematch": 0.5679728646436726, "upset_alert": 0}, "atpg628": {"player_id": "atpg628", "wpi_rank": 58.0, "tour_rank": 69, "performance_score": 55.38098944054336, "volume_score": 11.520774006402887, "sentiment": 0.029396688694217715, "win_prob_prematch": 0.4320271353563274, "upset_alert": 0}, "publication_date_milliseconds": 1656583218265}