{"wta320983": {"player_id": "wta320983", "wpi_rank": 9.0, "tour_rank": 66, "performance_score": 96.2130872188121, "volume_score": 12.426790017060345, "sentiment": 0.062172636872856984, "win_prob_prematch": 0.3944974031317668, "upset_alert": 0}, "wta316847": {"player_id": "wta316847", "wpi_rank": 1.0, "tour_rank": 2, "performance_score": 95.89430501081661, "volume_score": 16.88402483423325, "sentiment": 0.018756125162226446, "win_prob_prematch": 0.6055025968682333, "upset_alert": 0}, "publication_date_milliseconds": 1657038618285}