{"atpsu87": {"player_id": "atpsu87", "wpi_rank": 39.0, "tour_rank": 54, "performance_score": 18.651943838749137, "volume_score": 8.891754861812831, "sentiment": 0.011962595448130046, "win_prob_prematch": 0.5205734929892297, "upset_alert": 0}, "atpkb09": {"player_id": "atpkb09", "wpi_rank": 72.0, "tour_rank": 75, "performance_score": 18.651943838749137, "volume_score": 14.491038664042971, "sentiment": 0.06474568040270186, "win_prob_prematch": 0.4794265070107703, "upset_alert": 0}, "publication_date_milliseconds": 1656425421589}