{"wta315391": {"player_id": "wta315391", "wpi_rank": 39.0, "tour_rank": 55.0, "performance_score": 18.63679927587033, "volume_score": 13.482921721227825, "sentiment": 0.38438649676064107, "win_prob_prematch": 0.7072227962724806, "upset_alert": 0}, "wta321495": {"player_id": "wta321495", "wpi_rank": 110.0, "tour_rank": 204, "performance_score": 18.63679927587033, "volume_score": 10.83975968834027, "sentiment": 0.08402978716035059, "win_prob_prematch": 0.29277720372751936, "upset_alert": 0}, "publication_date_milliseconds": 1656342045856}