{"atpd643": {"player_id": "atpd643", "wpi_rank": 2.0, "tour_rank": 3, "performance_score": 91.33974686668195, "volume_score": 16.144300093426644, "sentiment": -0.11297690641410212, "win_prob_prematch": 0.6239378699324748, "upset_alert": 0}, "atpv942": {"player_id": "atpv942", "wpi_rank": 17.0, "tour_rank": 104, "performance_score": 91.27452449364523, "volume_score": 14.764935042041989, "sentiment": -0.011980220201865274, "win_prob_prematch": 0.3760621300675252, "upset_alert": 0}, "publication_date_milliseconds": 1656874215493}