{"wta311779": {"player_id": "wta311779", "wpi_rank": 9.0, "tour_rank": 41, "performance_score": 81.30752990229854, "volume_score": 8.446405540538153, "sentiment": 0.09995946820836284, "win_prob_prematch": 0.5705272507042993, "upset_alert": 0}, "wta315391": {"player_id": "wta315391", "wpi_rank": 22.0, "tour_rank": 55, "performance_score": 83.64008586420735, "volume_score": 10.501139555838236, "sentiment": 0.32336593652338397, "win_prob_prematch": 0.4294727492957007, "upset_alert": 0}, "publication_date_milliseconds": 1656688821635}