{"wta317771": {"player_id": "wta317771", "wpi_rank": 75.0, "tour_rank": 96, "performance_score": 18.63721675237491, "volume_score": 11.01044028450108, "sentiment": -0.11669883486246042, "win_prob_prematch": 0.5163377563934377, "upset_alert": 0}, "wta318203": {"player_id": "wta318203", "wpi_rank": 79.0, "tour_rank": 84, "performance_score": 18.63721675237491, "volume_score": 12.906818353248113, "sentiment": 0.04964954951610717, "win_prob_prematch": 0.4836622436065623, "upset_alert": 0}, "publication_date_milliseconds": 1656388234140}