{"wta318312": {"player_id": "wta318312", "wpi_rank": 3.0, "tour_rank": 5, "performance_score": 50.97657287553344, "volume_score": 14.292228144422998, "sentiment": -0.0068995193439792685, "win_prob_prematch": 0.6544019439786737, "upset_alert": 0}, "wta317584": {"player_id": "wta317584", "wpi_rank": 88.0, "tour_rank": 112, "performance_score": 52.890319267614615, "volume_score": 6.351265206381811, "sentiment": 0.2871714735623292, "win_prob_prematch": 0.3455980560213263, "upset_alert": 0}, "publication_date_milliseconds": 1656522626042}