{"wta311779": {"player_id": "wta311779", "wpi_rank": 22.0, "tour_rank": 41, "performance_score": 52.981734634249996, "volume_score": 7.4362969914826555, "sentiment": 0.1490458487030897, "win_prob_prematch": 0.5418611813245912, "upset_alert": 0}, "wta326482": {"player_id": "wta326482", "wpi_rank": 64.0, "tour_rank": 76, "performance_score": 50.97657287553344, "volume_score": 5.587183255715121, "sentiment": 0.09386721842645238, "win_prob_prematch": 0.45813881867540884, "upset_alert": 0}, "publication_date_milliseconds": 1656502228858}