{"wta316981": {"player_id": "wta316981", "wpi_rank": 21.0, "tour_rank": 121, "performance_score": 92.22641858661355, "volume_score": 10.28398173773555, "sentiment": -0.015552945675055385, "win_prob_prematch": 0.4649472763745153, "upset_alert": 0}, "wta325940": {"player_id": "wta325940", "wpi_rank": 8.0, "tour_rank": 97, "performance_score": 90.41385358458636, "volume_score": 6.2067020395212325, "sentiment": 0.25433573241458607, "win_prob_prematch": 0.5350527236254847, "upset_alert": 0}, "publication_date_milliseconds": 1656853819215}