{"wta327077": {"player_id": "wta327077", "wpi_rank": 49.0, "tour_rank": 77, "performance_score": 69.68980230031272, "volume_score": 7.955248140492217, "sentiment": 0.23822104281063083, "win_prob_prematch": 0.35561670509534304, "upset_alert": 0}, "wta316847": {"player_id": "wta316847", "wpi_rank": 2.0, "tour_rank": 2, "performance_score": 79.33848341902086, "volume_score": 16.869843288987827, "sentiment": 0.23727070695503702, "win_prob_prematch": 0.644383294904657, "upset_alert": 0}, "publication_date_milliseconds": 1656678623537}