{"wta320277": {"player_id": "wta320277", "wpi_rank": 66.0, "tour_rank": 92, "performance_score": 63.97624564444523, "volume_score": 5.408847303535738, "sentiment": 0.3233194578247627, "win_prob_prematch": 0.4688467429779062, "upset_alert": 0}, "wta318203": {"player_id": "wta318203", "wpi_rank": 24.0, "tour_rank": 84, "performance_score": 52.26135097369864, "volume_score": 10.7885101791747, "sentiment": 0.07069371230548004, "win_prob_prematch": 0.5311532570220938, "upset_alert": 0}, "publication_date_milliseconds": 1656598822970}