{"atptd51": {"player_id": "atptd51", "wpi_rank": 14.0, "tour_rank": 28, "performance_score": 50.97657287553344, "volume_score": 16.104598657765656, "sentiment": 0.06138193258973924, "win_prob_prematch": 0.6994814608735189, "upset_alert": 0}, "atpmn13": {"player_id": "atpmn13", "wpi_rank": 93.0, "tour_rank": 172, "performance_score": 50.97657287553344, "volume_score": 1.3758787385122093, "sentiment": 0.4051607139399135, "win_prob_prematch": 0.3005185391264811, "upset_alert": 0}, "publication_date_milliseconds": 1656502815913}