{"atpbe90": {"player_id": "atpbe90", "wpi_rank": 80.0, "tour_rank": 106, "performance_score": 52.878203654244125, "volume_score": 1.3035711127226417, "sentiment": 0.2596298925505582, "win_prob_prematch": 0.32162560398702, "upset_alert": 0}, "atpn409": {"player_id": "atpn409", "wpi_rank": 1.0, "tour_rank": 4, "performance_score": 95.37670021401914, "volume_score": 16.520154942780835, "sentiment": 0.014042289007123728, "win_prob_prematch": 0.67837439601298, "upset_alert": 0}, "publication_date_milliseconds": 1656600613555}