{"wta328120": {"player_id": "wta328120", "wpi_rank": 36.0, "tour_rank": 52, "performance_score": 72.49029383217153, "volume_score": 6.441807111973882, "sentiment": 0.24286726884525356, "win_prob_prematch": 0.4525154633394938, "upset_alert": 0}, "wta324166": {"player_id": "wta324166", "wpi_rank": 9.0, "tour_rank": 23, "performance_score": 71.52497132268596, "volume_score": 13.6199594105709, "sentiment": 0.02854717098214571, "win_prob_prematch": 0.5474845366605062, "upset_alert": 0}, "publication_date_milliseconds": 1656772217718}