{"atpdb59": {"player_id": "atpdb59", "wpi_rank": 45.0, "tour_rank": 153, "performance_score": 59.71951996037993, "volume_score": 16.679784919610167, "sentiment": 0.14007242685105414, "win_prob_prematch": 0.4691241387939037, "upset_alert": 0}, "atpkb95": {"player_id": "atpkb95", "wpi_rank": 26.0, "tour_rank": 99, "performance_score": 57.570263721103, "volume_score": 7.498629216265455, "sentiment": 0.08242590725933889, "win_prob_prematch": 0.5308758612060963, "upset_alert": 0}, "publication_date_milliseconds": 1656603613532}