{"atpgb88": {"player_id": "atpgb88", "wpi_rank": 43.0, "tour_rank": 58, "performance_score": 18.63721675237491, "volume_score": 16.866849767278826, "sentiment": 0.0004907000676944509, "win_prob_prematch": 0.6186396211427914, "upset_alert": 0}, "atpa829": {"player_id": "atpa829", "wpi_rank": 112.0, "tour_rank": 115, "performance_score": 18.63721675237491, "volume_score": 6.566774781810034, "sentiment": 0.4070178489583333, "win_prob_prematch": 0.3813603788572087, "upset_alert": 0}, "publication_date_milliseconds": 1656388214299}