{"atpo449": {"player_id": "atpo449", "wpi_rank": 33.0, "tour_rank": 37.0, "performance_score": 18.637077594774954, "volume_score": 14.211806048558852, "sentiment": 0.1547151399067328, "win_prob_prematch": 0.6568439630953841, "upset_alert": 0}, "atpg967": {"player_id": "atpg967", "wpi_rank": 91.0, "tour_rank": 89, "performance_score": 18.637077594774954, "volume_score": 15.583291921056368, "sentiment": 0.019457766541880167, "win_prob_prematch": 0.34315603690461594, "upset_alert": 0}, "publication_date_milliseconds": 1656354612469}