{"atpsu87": {"player_id": "atpsu87", "wpi_rank": 21.0, "tour_rank": 54, "performance_score": 58.16544917487663, "volume_score": 5.948759219626085, "sentiment": -0.018611936574817717, "win_prob_prematch": 0.571198613811941, "upset_alert": 0}, "atpg09o": {"player_id": "atpg09o", "wpi_rank": 48.0, "tour_rank": 66, "performance_score": 63.40803367706104, "volume_score": 8.780975290517715, "sentiment": 0.11211286646611762, "win_prob_prematch": 0.42880138618805896, "upset_alert": 0}, "publication_date_milliseconds": 1656589217368}