{"atpv942": {"player_id": "atpv942", "wpi_rank": 88.0, "tour_rank": 105, "performance_score": 18.63679927587033, "volume_score": 16.369678844942186, "sentiment": 0.08135336810822102, "win_prob_prematch": 0.5111955196860863, "upset_alert": 0}, "atpd874": {"player_id": "atpd874", "wpi_rank": 77.0, "tour_rank": 85.0, "performance_score": 18.63679927587033, "volume_score": 7.01056909847631, "sentiment": 0.274642645165849, "win_prob_prematch": 0.48880448031391366, "upset_alert": 0}, "publication_date_milliseconds": 1656347418073}