{"atpbk92": {"player_id": "atpbk92", "wpi_rank": 32.0, "tour_rank": 39, "performance_score": 18.637077594774954, "volume_score": 16.663708646883432, "sentiment": -0.14104249824670212, "win_prob_prematch": 0.6599293475393008, "upset_alert": 0}, "atpf724": {"player_id": "atpf724", "wpi_rank": 59.0, "tour_rank": 57.0, "performance_score": 18.637077594774954, "volume_score": 9.126082635240664, "sentiment": 0.4150087148055317, "win_prob_prematch": 0.34007065246069923, "upset_alert": 0}, "publication_date_milliseconds": 1656352817534}