{"wta322087": {"player_id": "wta322087", "wpi_rank": 128.0, "tour_rank": 146, "performance_score": 18.63721675237491, "volume_score": 8.19293894230556, "sentiment": 0.2686809814659977, "win_prob_prematch": 0.4666989527266844, "upset_alert": 0}, "wta319489": {"player_id": "wta319489", "wpi_rank": 66.0, "tour_rank": 94, "performance_score": 18.63721675237491, "volume_score": 10.066244559116502, "sentiment": 0.3162727970883967, "win_prob_prematch": 0.5333010472733156, "upset_alert": 0}, "publication_date_milliseconds": 1656388231908}