{"atpae14": {"player_id": "atpae14", "wpi_rank": 44.0, "tour_rank": 64, "performance_score": 18.637077594774954, "volume_score": 15.601927445690757, "sentiment": 0.35512267263952585, "win_prob_prematch": 0.5668637868389806, "upset_alert": 0}, "atpy268": {"player_id": "atpy268", "wpi_rank": 89.0, "tour_rank": 88.0, "performance_score": 18.637077594774954, "volume_score": 8.801292063041318, "sentiment": 0.42504949007017917, "win_prob_prematch": 0.43313621316101936, "upset_alert": 0}, "publication_date_milliseconds": 1656354311386}