{"atpkb95": {"player_id": "atpkb95", "wpi_rank": 121.0, "tour_rank": 99, "performance_score": 18.651943838749137, "volume_score": 10.379992554379621, "sentiment": 0.035068095187065634, "win_prob_prematch": 0.3590772964120379, "upset_alert": 0}, "atpe687": {"player_id": "atpe687", "wpi_rank": 26.0, "tour_rank": 33, "performance_score": 18.651943838749137, "volume_score": 16.547004910563917, "sentiment": 0.15902996055042157, "win_prob_prematch": 0.6409227035879621, "upset_alert": 0}, "publication_date_milliseconds": 1656435013051}