{"atpsl28": {"player_id": "atpsl28", "wpi_rank": 124.0, "tour_rank": 158.0, "performance_score": 18.63679927587033, "volume_score": 9.732710960447967, "sentiment": 0.17224649518456092, "win_prob_prematch": 0.24198214074192714, "upset_alert": 0}, "atpa0e2": {"player_id": "atpa0e2", "wpi_rank": 6.0, "tour_rank": 7, "performance_score": 18.63679927587033, "volume_score": 15.99652133786506, "sentiment": -0.003587709620122115, "win_prob_prematch": 0.7580178592580729, "upset_alert": 0}, "publication_date_milliseconds": 1656336021254}