{"wta314464": {"player_id": "wta314464", "wpi_rank": 109.0, "tour_rank": 157, "performance_score": 18.6517222429045, "volume_score": 14.735237284830434, "sentiment": 0.1003515970709279, "win_prob_prematch": 0.2705365937204496, "upset_alert": 0}, "wta324166": {"player_id": "wta324166", "wpi_rank": 17.0, "tour_rank": 23, "performance_score": 18.6517222429045, "volume_score": 2.3156765764328386, "sentiment": 0.04815753071810873, "win_prob_prematch": 0.7294634062795504, "upset_alert": 0}, "publication_date_milliseconds": 1656436818645}