{"wta327909": {"player_id": "wta327909", "wpi_rank": 82.0, "tour_rank": 119, "performance_score": 68.97145538575957, "volume_score": 0.1894710746728525, "sentiment": 0.39288214897840434, "win_prob_prematch": 0.3608736160261298, "upset_alert": 0}, "wta313169": {"player_id": "wta313169", "wpi_rank": 26.0, "tour_rank": 43, "performance_score": 50.97657287553344, "volume_score": 7.3583836523648465, "sentiment": 0.18752445991094296, "win_prob_prematch": 0.6391263839738702, "upset_alert": 0}, "publication_date_milliseconds": 1656519629115}