{"wta317708": {"player_id": "wta317708", "wpi_rank": 114.0, "tour_rank": 123, "performance_score": 18.63679927587033, "volume_score": 0.6251830290982988, "sentiment": 0.11293086841225254, "win_prob_prematch": 0.2639073780308941, "upset_alert": 0}, "wta318425": {"player_id": "wta318425", "wpi_rank": 4.0, "tour_rank": 3.0, "performance_score": 18.63679927587033, "volume_score": 10.609475804662472, "sentiment": 0.19402158512374096, "win_prob_prematch": 0.736092621969106, "upset_alert": 0}, "publication_date_milliseconds": 1656342951444}