{"wta314429": {"player_id": "wta314429", "wpi_rank": 84.0, "tour_rank": 140, "performance_score": 68.97145538575957, "volume_score": 7.639491438386486, "sentiment": -0.008586874283320077, "win_prob_prematch": 0.42782390982250895, "upset_alert": 0}, "wta316981": {"player_id": "wta316981", "wpi_rank": 62.0, "tour_rank": 121, "performance_score": 53.941263966851416, "volume_score": 10.302268340622952, "sentiment": 0.1674912150899293, "win_prob_prematch": 0.572176090177491, "upset_alert": 0}, "publication_date_milliseconds": 1656526825430}