{"atps0ag": {"player_id": "atps0ag", "wpi_rank": 8.0, "tour_rank": 13, "performance_score": 50.97657287553344, "volume_score": 8.952508278292282, "sentiment": 0.3057909328623606, "win_prob_prematch": 0.7433768583884417, "upset_alert": 0}, "atpy268": {"player_id": "atpy268", "wpi_rank": 77.0, "tour_rank": 88, "performance_score": 63.44337116852301, "volume_score": 8.632001133284932, "sentiment": 0.009955430491853254, "win_prob_prematch": 0.25662314161155825, "upset_alert": 0}, "publication_date_milliseconds": 1656514814680}