{"wta315232": {"player_id": "wta315232", "wpi_rank": 5.0, "tour_rank": 44, "performance_score": 96.3438361940233, "volume_score": 1.6377962439170077, "sentiment": 0.2738964306606224, "win_prob_prematch": 0.3829753301773181, "upset_alert": 0}, "wta324166": {"player_id": "wta324166", "wpi_rank": 3.0, "tour_rank": 23, "performance_score": 94.6853973050368, "volume_score": 12.685124997803975, "sentiment": 0.16087426746270428, "win_prob_prematch": 0.6170246698226819, "upset_alert": 0}, "publication_date_milliseconds": 1657108817507}