{"atpd643": {"player_id": "atpd643", "wpi_rank": 4.0, "tour_rank": 3, "performance_score": 96.03076083320127, "volume_score": 16.32859683411688, "sentiment": 0.05915821640818346, "win_prob_prematch": 0.45240416870472966, "upset_alert": 0}, "atps0ag": {"player_id": "atps0ag", "wpi_rank": 2.0, "tour_rank": 13, "performance_score": 96.01579419998943, "volume_score": 10.910235416336521, "sentiment": 0.1408452239714864, "win_prob_prematch": 0.5475958312952703, "upset_alert": 0}, "publication_date_milliseconds": 1656966015055}