{"wta314320": {"player_id": "wta314320", "wpi_rank": 2.0, "tour_rank": 18, "performance_score": 97.24728131972383, "volume_score": 10.745155566486885, "sentiment": 0.07126357616260617, "win_prob_prematch": 0.5106516869240744, "upset_alert": 0}, "wta326384": {"player_id": "wta326384", "wpi_rank": 7.0, "tour_rank": 25, "performance_score": 95.44258709439399, "volume_score": 8.290876829289717, "sentiment": 0.024484822530572027, "win_prob_prematch": 0.48934831307592563, "upset_alert": 0}, "publication_date_milliseconds": 1657110617296}