{"atpn771": {"player_id": "atpn771", "wpi_rank": 6.0, "tour_rank": 12, "performance_score": 50.97657287553344, "volume_score": 10.019832486320897, "sentiment": 0.3037600392307734, "win_prob_prematch": 0.6352724814741931, "upset_alert": 0}, "atpmu94": {"player_id": "atpmu94", "wpi_rank": 63.0, "tour_rank": 71, "performance_score": 50.97657287553344, "volume_score": 5.839516228994387, "sentiment": 0.2769097302560586, "win_prob_prematch": 0.36472751852580687, "upset_alert": 0}, "publication_date_milliseconds": 1656510015834}