{"atptc61": {"player_id": "atptc61", "wpi_rank": 55.0, "tour_rank": 76, "performance_score": 50.5169181244141, "volume_score": 13.624705944779524, "sentiment": 0.297429850800803, "win_prob_prematch": 0.36875540727486433, "upset_alert": 0}, "atpte51": {"player_id": "atpte51", "wpi_rank": 6.0, "tour_rank": 5, "performance_score": 65.7675504536852, "volume_score": 13.317827263561915, "sentiment": -0.03734352172815922, "win_prob_prematch": 0.6312445927251357, "upset_alert": 0}, "publication_date_milliseconds": 1656590415089}