{"atpmc10": {"player_id": "atpmc10", "wpi_rank": 24.0, "tour_rank": 52, "performance_score": 50.97657287553344, "volume_score": 16.908522656844863, "sentiment": 0.20935087464628954, "win_prob_prematch": 0.7031990217961985, "upset_alert": 1}, "atpi186": {"player_id": "atpi186", "wpi_rank": 36.0, "tour_rank": 24, "performance_score": 50.97657287553344, "volume_score": 16.22146866644237, "sentiment": 0.26583154580220936, "win_prob_prematch": 0.29680097820380147, "upset_alert": 0}, "publication_date_milliseconds": 1656521413712}