{"atpsm25": {"player_id": "atpsm25", "wpi_rank": 12.0, "tour_rank": 103, "performance_score": 76.51372099179387, "volume_score": 14.613076855201623, "sentiment": 0.2315104189861178, "win_prob_prematch": 0.557916275292736, "upset_alert": 0}, "atpkb95": {"player_id": "atpkb95", "wpi_rank": 69.0, "tour_rank": 99, "performance_score": 60.5064854848672, "volume_score": 6.453278037589341, "sentiment": 0.05567300752572988, "win_prob_prematch": 0.442083724707264, "upset_alert": 0}, "publication_date_milliseconds": 1656756015591}