{"wta311470": {"player_id": "wta311470", "wpi_rank": 14.0, "tour_rank": 19, "performance_score": 50.97657287553344, "volume_score": 1.7295875905299878, "sentiment": 0.1437286081949733, "win_prob_prematch": 0.5979664495675503, "upset_alert": 0}, "wta315130": {"player_id": "wta315130", "wpi_rank": 55.0, "tour_rank": 65, "performance_score": 50.97657287553344, "volume_score": 8.744444247693588, "sentiment": 0.2774039371865254, "win_prob_prematch": 0.4020335504324497, "upset_alert": 0}, "publication_date_milliseconds": 1656515426635}