{"atpph78": {"player_id": "atpph78", "wpi_rank": 91.0, "tour_rank": 135, "performance_score": 50.97657287553344, "volume_score": 13.679988667150674, "sentiment": 0.005689322306322894, "win_prob_prematch": 0.4772574944522481, "upset_alert": 0}, "atpj386": {"player_id": "atpj386", "wpi_rank": 50.0, "tour_rank": 93, "performance_score": 63.863926123988456, "volume_score": 14.546774564836294, "sentiment": 0.17274503906830602, "win_prob_prematch": 0.5227425055477519, "upset_alert": 0}, "publication_date_milliseconds": 1656502217363}