{"wta316847": {"player_id": "wta316847", "wpi_rank": 1.0, "tour_rank": 2, "performance_score": 98.57089584978503, "volume_score": 16.775028516276212, "sentiment": -0.04177195960016139, "win_prob_prematch": 0.7107371008889447, "upset_alert": 0}, "wta310440": {"player_id": "wta310440", "wpi_rank": 4.0, "tour_rank": 103, "performance_score": 98.45639203299113, "volume_score": 13.351759234886373, "sentiment": -0.10984189092405748, "win_prob_prematch": 0.2892628991110553, "upset_alert": 0}, "publication_date_milliseconds": 1657197017047}