{"atptd51": {"player_id": "atptd51", "wpi_rank": 23.0, "tour_rank": 28, "performance_score": 18.63679927587033, "volume_score": 16.503234623337207, "sentiment": 0.21636483797453748, "win_prob_prematch": 0.7844708187480722, "upset_alert": 0}, "atpva08": {"player_id": "atpva08", "wpi_rank": 103.0, "tour_rank": 255.0, "performance_score": 18.63679927587033, "volume_score": 13.164783870366591, "sentiment": 0.14509289293223426, "win_prob_prematch": 0.21552918125192777, "upset_alert": 0}, "publication_date_milliseconds": 1656324024152}