{"atpbt72": {"player_id": "atpbt72", "wpi_rank": 103.0, "tour_rank": 123, "performance_score": 18.651804906153743, "volume_score": 16.792607529860174, "sentiment": 0.03690752870512992, "win_prob_prematch": 0.3831611812389385, "upset_alert": 0}, "atpmk66": {"player_id": "atpmk66", "wpi_rank": 42.0, "tour_rank": 55.0, "performance_score": 18.651804906153743, "volume_score": 9.159040042546591, "sentiment": 0.11288882967453163, "win_prob_prematch": 0.6168388187610615, "upset_alert": 0}, "publication_date_milliseconds": 1656423018733}