{"atpo449": {"player_id": "atpo449", "wpi_rank": 19.0, "tour_rank": 36, "performance_score": 50.97657287553344, "volume_score": 11.978290510509447, "sentiment": 0.11756387250649024, "win_prob_prematch": 0.7472380135056971, "upset_alert": 0}, "atphb05": {"player_id": "atphb05", "wpi_rank": 82.0, "tour_rank": 251, "performance_score": 68.97145538575957, "volume_score": 1.5941246259274344, "sentiment": 0.04703527880746467, "win_prob_prematch": 0.2527619864943029, "upset_alert": 0}, "publication_date_milliseconds": 1656508213897}