{"atpy218": {"player_id": "atpy218", "wpi_rank": 127.0, "tour_rank": 137.0, "performance_score": 18.651804906153743, "volume_score": 5.4007578611474285, "sentiment": 0.3106096134822679, "win_prob_prematch": 0.3287348437851726, "upset_alert": 0}, "atpgd64": {"player_id": "atpgd64", "wpi_rank": 32.0, "tour_rank": 43, "performance_score": 18.651804906153743, "volume_score": 10.35477651960024, "sentiment": 0.39803073302633574, "win_prob_prematch": 0.6712651562148274, "upset_alert": 0}, "publication_date_milliseconds": 1656421812632}