{"wta317094": {"player_id": "wta317094", "wpi_rank": 62.0, "tour_rank": 68, "performance_score": 18.63721675237491, "volume_score": 1.9771316505233454, "sentiment": 0.20317881119443743, "win_prob_prematch": 0.33905224896830477, "upset_alert": 0}, "wta318314": {"player_id": "wta318314", "wpi_rank": 13.0, "tour_rank": 14, "performance_score": 18.63721675237491, "volume_score": 7.9710884429200854, "sentiment": 0.3647484960073918, "win_prob_prematch": 0.6609477510316952, "upset_alert": 0}, "publication_date_milliseconds": 1656388229810}