{"wta318516": {"player_id": "wta318516", "wpi_rank": 70.0, "tour_rank": 82, "performance_score": 18.63721675237491, "volume_score": 10.190037137773597, "sentiment": 0.22947147835901271, "win_prob_prematch": 0.30845610137379076, "upset_alert": 0}, "wta316956": {"player_id": "wta316956", "wpi_rank": 7.0, "tour_rank": 9, "performance_score": 18.63721675237491, "volume_score": 11.501617290140521, "sentiment": 0.35490556306489934, "win_prob_prematch": 0.6915438986262092, "upset_alert": 0}, "publication_date_milliseconds": 1656388232187}