{"wta322280": {"player_id": "wta322280", "wpi_rank": 63.0, "tour_rank": 73.0, "performance_score": 18.637077594774954, "volume_score": 9.341722277438592, "sentiment": 0.62120418433384, "win_prob_prematch": 0.49, "upset_alert": 0}, "wta326096": {"player_id": "wta326096", "wpi_rank": 44.0, "tour_rank": 67.0, "performance_score": 18.637077594774954, "volume_score": 14.826334658526196, "sentiment": 0.01206610265098311, "win_prob_prematch": 0.51, "upset_alert": 0}, "publication_date_milliseconds": 1656349538463}