{"wta313711": {"player_id": "wta313711", "wpi_rank": 22.0, "tour_rank": 80, "performance_score": 56.90167500928595, "volume_score": 7.59591064258804, "sentiment": 0.22141177025110365, "win_prob_prematch": 0.5245899704811552, "upset_alert": 0}, "wta312673": {"player_id": "wta312673", "wpi_rank": 73.0, "tour_rank": 91, "performance_score": 48.09814811539346, "volume_score": 5.754638555282382, "sentiment": 0.44951997456449666, "win_prob_prematch": 0.4754100295188448, "upset_alert": 0}, "publication_date_milliseconds": 1656595819496}