{"atpn0ae": {"player_id": "atpn0ae", "wpi_rank": 10.0, "tour_rank": 56, "performance_score": 81.36305479572928, "volume_score": 8.545398394070414, "sentiment": 0.3094255095854715, "win_prob_prematch": 0.5826022179792454, "upset_alert": 0}, "atpge33": {"player_id": "atpge33", "wpi_rank": 49.0, "tour_rank": 109, "performance_score": 76.90417365216624, "volume_score": 14.004676608135533, "sentiment": 0.2841378805221991, "win_prob_prematch": 0.4173977820207546, "upset_alert": 0}, "publication_date_milliseconds": 1656764414354}