{"atprh16": {"player_id": "atprh16", "wpi_rank": 4.0, "tour_rank": 5.0, "performance_score": 18.63679927587033, "volume_score": 15.551927019088271, "sentiment": 0.14404621131747858, "win_prob_prematch": 0.5769338698830874, "upset_alert": 0}, "atpr772": {"player_id": "atpr772", "wpi_rank": 35.0, "tour_rank": 41, "performance_score": 18.63679927587033, "volume_score": 13.292127752092078, "sentiment": 0.07168609197620684, "win_prob_prematch": 0.42306613011691263, "upset_alert": 0}, "publication_date_milliseconds": 1656324022841}