{"atpgd64": {"player_id": "atpgd64", "wpi_rank": 19.0, "tour_rank": 43, "performance_score": 87.30323279277376, "volume_score": 6.319880971246456, "sentiment": 0.22885867521338377, "win_prob_prematch": 0.3238862772862045, "upset_alert": 0}, "atpdh58": {"player_id": "atpdh58", "wpi_rank": 6.0, "tour_rank": 27, "performance_score": 86.48931206310637, "volume_score": 16.087369922349584, "sentiment": 0.04093145920364479, "win_prob_prematch": 0.6761137227137954, "upset_alert": 0}, "publication_date_milliseconds": 1656928214778}