{"atprh24": {"player_id": "atprh24", "wpi_rank": 36.0, "tour_rank": 49, "performance_score": 18.651943838749137, "volume_score": 8.993688950344803, "sentiment": 0.30857012060401123, "win_prob_prematch": 0.6613924740011173, "upset_alert": 0}, "atpn732": {"player_id": "atpn732", "wpi_rank": 113.0, "tour_rank": 101, "performance_score": 18.651943838749137, "volume_score": 1.5467389955503554, "sentiment": 0.2995976509434834, "win_prob_prematch": 0.33860752599888266, "upset_alert": 0}, "publication_date_milliseconds": 1656429017727}