{"atpsu55": {"player_id": "atpsu55", "wpi_rank": 15.0, "tour_rank": 16, "performance_score": 52.42363408033677, "volume_score": 13.896651750181297, "sentiment": 0.22723591013143096, "win_prob_prematch": 0.5822178845268183, "upset_alert": 0}, "atpn0ae": {"player_id": "atpn0ae", "wpi_rank": 51.0, "tour_rank": 56, "performance_score": 52.761023754355556, "volume_score": 8.443143428197464, "sentiment": 0.05308369127490105, "win_prob_prematch": 0.41778211547318167, "upset_alert": 0}, "publication_date_milliseconds": 1656598817996}