{"wta312536": {"player_id": "wta312536", "wpi_rank": 105.0, "tour_rank": 500, "performance_score": 18.63721675237491, "volume_score": 1.9598273115712783, "sentiment": 0.35469051995747597, "win_prob_prematch": 0.18414121522868382, "upset_alert": 0}, "wta317306": {"player_id": "wta317306", "wpi_rank": 74.0, "tour_rank": 99, "performance_score": 18.63721675237491, "volume_score": 12.35751651676968, "sentiment": 0.35123327749020944, "win_prob_prematch": 0.8158587847713161, "upset_alert": 0}, "publication_date_milliseconds": 1656388238882}