{"wta321179": {"player_id": "wta321179", "wpi_rank": 113.0, "tour_rank": 129.0, "performance_score": 18.637077594774954, "volume_score": 8.785318756211842, "sentiment": 0.3121948870603506, "win_prob_prematch": 0.38305231189920264, "upset_alert": 0}, "wta321106": {"player_id": "wta321106", "wpi_rank": 71.0, "tour_rank": 89.0, "performance_score": 18.637077594774954, "volume_score": 8.283712551469545, "sentiment": 0.3864304945725552, "win_prob_prematch": 0.6169476881007974, "upset_alert": 0}, "publication_date_milliseconds": 1656348647247}