{"atpgb88": {"player_id": "atpgb88", "wpi_rank": 44.0, "tour_rank": 58, "performance_score": 50.97657287553344, "volume_score": 16.79475147415579, "sentiment": -0.018510305998553557, "win_prob_prematch": 0.4004429241183116, "upset_alert": 0}, "atpb0bi": {"player_id": "atpb0bi", "wpi_rank": 20.0, "tour_rank": 35, "performance_score": 50.97657287553344, "volume_score": 11.025622864023516, "sentiment": 0.25982311565941063, "win_prob_prematch": 0.5995570758816884, "upset_alert": 0}, "publication_date_milliseconds": 1656502216017}