{"wta328120": {"player_id": "wta328120", "wpi_rank": 35.0, "tour_rank": 52, "performance_score": 18.63721675237491, "volume_score": 11.133345461160634, "sentiment": 0.16798757728566074, "win_prob_prematch": 0.4618192659218008, "upset_alert": 0}, "wta315683": {"player_id": "wta315683", "wpi_rank": 49.0, "tour_rank": 48, "performance_score": 18.63721675237491, "volume_score": 12.787019083579958, "sentiment": 0.03779459977018383, "win_prob_prematch": 0.5381807340781992, "upset_alert": 0}, "publication_date_milliseconds": 1656388230382}