{"atpbi23": {"player_id": "atpbi23", "wpi_rank": 74.0, "tour_rank": 132, "performance_score": 50.5929745122663, "volume_score": 8.87206608061977, "sentiment": 0.23168197314634087, "win_prob_prematch": 0.3914954318742455, "upset_alert": 0}, "atpsm37": {"player_id": "atpsm37", "wpi_rank": 10.0, "tour_rank": 15, "performance_score": 59.03611794046377, "volume_score": 10.414418876134214, "sentiment": 0.12841026690212426, "win_prob_prematch": 0.6085045681257545, "upset_alert": 0}, "publication_date_milliseconds": 1656589814655}