{"wta310331": {"player_id": "wta310331", "wpi_rank": 90.0, "tour_rank": 190, "performance_score": 18.63721675237491, "volume_score": 8.327380344933156, "sentiment": 0.46838959756494625, "win_prob_prematch": 0.34296218348735874, "upset_alert": 0}, "wta322822": {"player_id": "wta322822", "wpi_rank": 87.0, "tour_rank": 150, "performance_score": 18.63721675237491, "volume_score": 1.6940504133074803, "sentiment": 0.33806636178968613, "win_prob_prematch": 0.6570378165126413, "upset_alert": 0}, "publication_date_milliseconds": 1656388234419}