{"atpkd46": {"player_id": "atpkd46", "wpi_rank": 74.0, "tour_rank": 82.0, "performance_score": 18.63679927587033, "volume_score": 2.0095485725948867, "sentiment": 0.39815234935702737, "win_prob_prematch": 0.5779443171455415, "upset_alert": 0}, "atpmq75": {"player_id": "atpmq75", "wpi_rank": 84.0, "tour_rank": 91, "performance_score": 18.63679927587033, "volume_score": 8.22410748356066, "sentiment": 0.34717491627358493, "win_prob_prematch": 0.4220556828544585, "upset_alert": 0}, "publication_date_milliseconds": 1656336017851}