{"atpda81": {"player_id": "atpda81", "wpi_rank": 97.0, "tour_rank": 123, "performance_score": 18.63721675237491, "volume_score": 15.415060099300284, "sentiment": 0.35512267263952585, "win_prob_prematch": 0.3449273834545028, "upset_alert": 0}, "atpb0bi": {"player_id": "atpb0bi", "wpi_rank": 29.0, "tour_rank": 36, "performance_score": 18.63721675237491, "volume_score": 12.735106066723755, "sentiment": 0.27363344216749463, "win_prob_prematch": 0.6550726165454972, "upset_alert": 0}, "publication_date_milliseconds": 1656388214579}