{"atpdh58": {"player_id": "atpdh58", "wpi_rank": 9.0, "tour_rank": 27, "performance_score": 71.47732286243713, "volume_score": 15.996646960204712, "sentiment": -0.1891755998371081, "win_prob_prematch": 0.6804588236258222, "upset_alert": 0}, "atpbi23": {"player_id": "atpbi23", "wpi_rank": 45.0, "tour_rank": 132, "performance_score": 82.18410835612812, "volume_score": 11.005029559692932, "sentiment": 0.22121199870202485, "win_prob_prematch": 0.3195411763741778, "upset_alert": 0}, "publication_date_milliseconds": 1656763214967}