{"atpl397": {"player_id": "atpl397", "wpi_rank": 123.0, "tour_rank": 240, "performance_score": 18.651943838749137, "volume_score": 8.178659433778298, "sentiment": 0.15625119136537505, "win_prob_prematch": 0.2181316206888202, "upset_alert": 0}, "atpv812": {"player_id": "atpv812", "wpi_rank": 20.0, "tour_rank": 25, "performance_score": 18.651943838749137, "volume_score": 16.40828591182258, "sentiment": 0.17402228667181047, "win_prob_prematch": 0.7818683793111798, "upset_alert": 0}, "publication_date_milliseconds": 1656429018162}