{"atpg0ao": {"player_id": "atpg0ao", "wpi_rank": 68.0, "tour_rank": 288, "performance_score": 60.60102233935299, "volume_score": 14.108459946583654, "sentiment": -0.046085584367090295, "win_prob_prematch": 0.20597808674443757, "upset_alert": 0}, "atpfb98": {"player_id": "atpfb98", "wpi_rank": 12.0, "tour_rank": 14, "performance_score": 59.20414949502096, "volume_score": 9.106425880396909, "sentiment": 0.12540418988316998, "win_prob_prematch": 0.7940219132555624, "upset_alert": 0}, "publication_date_milliseconds": 1656583217883}