{"atppl56": {"player_id": "atppl56", "wpi_rank": 17.0, "tour_rank": 32, "performance_score": 50.97657287553344, "volume_score": 16.66504347210171, "sentiment": -0.14952464966505058, "win_prob_prematch": 0.6616521658758661, "upset_alert": 0}, "atpme82": {"player_id": "atpme82", "wpi_rank": 75.0, "tour_rank": 86, "performance_score": 47.26240858463336, "volume_score": 8.986152674729517, "sentiment": 0.28382575061887183, "win_prob_prematch": 0.33834783412413394, "upset_alert": 0}, "publication_date_milliseconds": 1656518414259}