{"atpkh56": {"player_id": "atpkh56", "wpi_rank": 114.0, "tour_rank": 119, "performance_score": 18.651804906153743, "volume_score": 1.5467458505994194, "sentiment": 0.41363269004845576, "win_prob_prematch": 0.33236331212035364, "upset_alert": 0}, "atpbm95": {"player_id": "atpbm95", "wpi_rank": 35.0, "tour_rank": 47, "performance_score": 18.651804906153743, "volume_score": 13.220909876570568, "sentiment": 0.13565564886015002, "win_prob_prematch": 0.6676366878796464, "upset_alert": 0}, "publication_date_milliseconds": 1656420614175}