{"wta321397": {"player_id": "wta321397", "wpi_rank": 123.0, "tour_rank": 113, "performance_score": 18.63679927587033, "volume_score": 1.9793765030571406, "sentiment": 0.4462620221920933, "win_prob_prematch": 0.3475247725117985, "upset_alert": 0}, "wta312850": {"player_id": "wta312850", "wpi_rank": 27.0, "tour_rank": 36.0, "performance_score": 18.63679927587033, "volume_score": 15.84255504184156, "sentiment": -0.0009136495658314432, "win_prob_prematch": 0.6524752274882015, "upset_alert": 0}, "publication_date_milliseconds": 1656324050457}