{"wta317900": {"player_id": "wta317900", "wpi_rank": 91.0, "tour_rank": 262, "performance_score": 18.63721675237491, "volume_score": 16.06419466050218, "sentiment": 0.10014888853113191, "win_prob_prematch": 0.32608008992877047, "upset_alert": 0}, "wta313349": {"player_id": "wta313349", "wpi_rank": 56.0, "tour_rank": 86, "performance_score": 18.63721675237491, "volume_score": 9.718382976080079, "sentiment": -0.12275772623151074, "win_prob_prematch": 0.6739199100712295, "upset_alert": 0}, "publication_date_milliseconds": 1656388229117}