{"wta320124": {"player_id": "wta320124", "wpi_rank": 7.0, "tour_rank": 4, "performance_score": 70.87487867290214, "volume_score": 9.36909909114974, "sentiment": 0.2681068732776306, "win_prob_prematch": 0.5797108594547332, "upset_alert": 0}, "wta314206": {"player_id": "wta314206", "wpi_rank": 21.0, "tour_rank": 26, "performance_score": 80.37743757169328, "volume_score": 7.815671049148504, "sentiment": 0.3665400884045965, "win_prob_prematch": 0.4202891405452668, "upset_alert": 0}, "publication_date_milliseconds": 1656774017484}