{"atpmj08": {"player_id": "atpmj08", "wpi_rank": 83.0, "tour_rank": 94, "performance_score": 18.63679927587033, "volume_score": 9.092441896580794, "sentiment": 0.3127887879325091, "win_prob_prematch": 0.37617377024549126, "upset_alert": 0}, "atpmu94": {"player_id": "atpmu94", "wpi_rank": 66.0, "tour_rank": 72.0, "performance_score": 18.63679927587033, "volume_score": 8.23386903546993, "sentiment": 0.4384474871634335, "win_prob_prematch": 0.6238262297545087, "upset_alert": 0}, "publication_date_milliseconds": 1656324025802}