{"atpj386": {"player_id": "atpj386", "wpi_rank": 92.0, "tour_rank": 92, "performance_score": 18.63721675237491, "volume_score": 15.06320520727492, "sentiment": 0.11446105165949538, "win_prob_prematch": 0.2863581069364375, "upset_alert": 0}, "atpd875": {"player_id": "atpd875", "wpi_rank": 19.0, "tour_rank": 21, "performance_score": 18.63721675237491, "volume_score": 2.245570754779769, "sentiment": 0.34701065937961817, "win_prob_prematch": 0.7136418930635625, "upset_alert": 0}, "publication_date_milliseconds": 1656388215151}