{"wta310440": {"player_id": "wta310440", "wpi_rank": 14.0, "tour_rank": 103, "performance_score": 93.93938726224683, "volume_score": 12.535916374341166, "sentiment": 0.29796989824205394, "win_prob_prematch": 0.34114786701003275, "upset_alert": 0}, "wta319939": {"player_id": "wta319939", "wpi_rank": 3.0, "tour_rank": 17, "performance_score": 90.77389871141744, "volume_score": 10.403409191066297, "sentiment": 0.2438724332682372, "win_prob_prematch": 0.6588521329899673, "upset_alert": 0}, "publication_date_milliseconds": 1656849619379}