{"wta320124": {"player_id": "wta320124", "wpi_rank": 10.0, "tour_rank": 4, "performance_score": 55.62375081804836, "volume_score": 8.836691016502467, "sentiment": -0.014344726362678098, "win_prob_prematch": 0.6943017357944591, "upset_alert": 0}, "wta318352": {"player_id": "wta318352", "wpi_rank": 79.0, "tour_rank": 122, "performance_score": 48.158285724392876, "volume_score": 6.127403293418469, "sentiment": 0.20530671306329018, "win_prob_prematch": 0.3056982642055409, "upset_alert": 0}, "publication_date_milliseconds": 1656582625103}