{"wta311470": {"player_id": "wta311470", "wpi_rank": 6.0, "tour_rank": 19, "performance_score": 83.77038391547852, "volume_score": 1.5949364852211092, "sentiment": 0.295922846992541, "win_prob_prematch": 0.51, "upset_alert": 0}, "wta317964": {"player_id": "wta317964", "wpi_rank": 28.0, "tour_rank": 31, "performance_score": 70.91968339781982, "volume_score": 4.991077896150244, "sentiment": 0.36375232766522014, "win_prob_prematch": 0.49, "upset_alert": 0}, "publication_date_milliseconds": 1656684021831}