{"atpj0a4": {"player_id": "atpj0a4", "wpi_rank": 107.0, "tour_rank": 219, "performance_score": 18.651665972326867, "volume_score": 16.404442592871643, "sentiment": 0.18552382832414288, "win_prob_prematch": 0.24172839368470445, "upset_alert": 0}, "atpke17": {"player_id": "atpke17", "wpi_rank": 31.0, "tour_rank": 40.0, "performance_score": 18.651665972326867, "volume_score": 15.602701720485388, "sentiment": 0.02479915418316441, "win_prob_prematch": 0.7582716063152956, "upset_alert": 0}, "publication_date_milliseconds": 1656415818857}