{"wta316925": {"player_id": "wta316925", "wpi_rank": 3.0, "tour_rank": 8.0, "performance_score": 18.637077594774954, "volume_score": 15.811355246343888, "sentiment": 0.3711875225190235, "win_prob_prematch": 0.649300916427186, "upset_alert": 0}, "wta320983": {"player_id": "wta320983", "wpi_rank": 52.0, "tour_rank": 66.0, "performance_score": 18.637077594774954, "volume_score": 12.993397699843817, "sentiment": 0.29841255091429386, "win_prob_prematch": 0.350699083572814, "upset_alert": 0}, "publication_date_milliseconds": 1656348343401}