{"wta320124": {"player_id": "wta320124", "wpi_rank": 5.0, "tour_rank": 4, "performance_score": 85.68771679608402, "volume_score": 9.013874949377565, "sentiment": 0.13662369909281316, "win_prob_prematch": 0.5168142824761438, "upset_alert": 0}, "wta314320": {"player_id": "wta314320", "wpi_rank": 11.0, "tour_rank": 18, "performance_score": 90.72178789639568, "volume_score": 10.267550578416355, "sentiment": 0.1600777662211569, "win_prob_prematch": 0.4831857175238562, "upset_alert": 0}, "publication_date_milliseconds": 1656950418566}