{"wta326384": {"player_id": "wta326384", "wpi_rank": 2.0, "tour_rank": 25, "performance_score": 91.31252971316887, "volume_score": 7.408483439860547, "sentiment": 0.26833653645772937, "win_prob_prematch": 0.7026741784941868, "upset_alert": 0}, "wta320016": {"player_id": "wta320016", "wpi_rank": 39.0, "tour_rank": 115, "performance_score": 86.77675945979259, "volume_score": 9.855968165090768, "sentiment": 0.11048536368863232, "win_prob_prematch": 0.2973258215058132, "upset_alert": 0}, "publication_date_milliseconds": 1656951017398}