{"wta313169": {"player_id": "wta313169", "wpi_rank": 12.0, "tour_rank": 43, "performance_score": 83.29093125563152, "volume_score": 7.552428402325047, "sentiment": 0.19522990192525996, "win_prob_prematch": 0.51, "upset_alert": 0}, "wta319939": {"player_id": "wta319939", "wpi_rank": 19.0, "tour_rank": 17, "performance_score": 80.78501263228564, "volume_score": 11.56560838147736, "sentiment": 0.17402897259115763, "win_prob_prematch": 0.49, "upset_alert": 0}, "publication_date_milliseconds": 1656669624966}