{"atpk926": {"player_id": "atpk926", "wpi_rank": 111.0, "tour_rank": 164, "performance_score": 18.651804906153743, "volume_score": 15.097834999002814, "sentiment": 0.0014597824265416837, "win_prob_prematch": 0.30823721585036334, "upset_alert": 0}, "atpb0cd": {"player_id": "atpb0cd", "wpi_rank": 30.0, "tour_rank": 34, "performance_score": 18.651804906153743, "volume_score": 8.786314179980943, "sentiment": 0.23879540094348337, "win_prob_prematch": 0.6917627841496367, "upset_alert": 0}, "publication_date_milliseconds": 1656417613985}