{"wta316239": {"player_id": "wta316239", "wpi_rank": 11.0, "tour_rank": 10, "performance_score": 18.63721675237491, "volume_score": 4.4782741805951805, "sentiment": 0.23239793321527, "win_prob_prematch": 0.6543481334984953, "upset_alert": 0}, "wta321454": {"player_id": "wta321454", "wpi_rank": 84.0, "tour_rank": 88, "performance_score": 18.63721675237491, "volume_score": 12.448918922516494, "sentiment": 0.2728378466298827, "win_prob_prematch": 0.3456518665015047, "upset_alert": 0}, "publication_date_milliseconds": 1656388230088}