{"wta320277": {"player_id": "wta320277", "wpi_rank": 55.0, "tour_rank": 92, "performance_score": 71.22540368834377, "volume_score": 5.430159710579723, "sentiment": 0.21973242462439646, "win_prob_prematch": 0.3263575171343489, "upset_alert": 0}, "wta314320": {"player_id": "wta314320", "wpi_rank": 6.0, "tour_rank": 18, "performance_score": 85.44383658342892, "volume_score": 1.1987117268154945, "sentiment": 0.30572680732550506, "win_prob_prematch": 0.6736424828656511, "upset_alert": 0}, "publication_date_milliseconds": 1656770418536}