{"wta316344": {"player_id": "wta316344", "wpi_rank": 119.0, "tour_rank": 107, "performance_score": 18.63679927587033, "volume_score": 9.359109746465874, "sentiment": -0.0019780677845528533, "win_prob_prematch": 0.2548276843696718, "upset_alert": 0}, "wta312469": {"player_id": "wta312469", "wpi_rank": 24.0, "tour_rank": 32.0, "performance_score": 18.63679927587033, "volume_score": 1.9509792611392618, "sentiment": 0.4087706732818063, "win_prob_prematch": 0.7451723156303283, "upset_alert": 0}, "publication_date_milliseconds": 1656346546349}