{"atpdh58": {"player_id": "atpdh58", "wpi_rank": 11.0, "tour_rank": 27, "performance_score": 56.485133629304705, "volume_score": 16.124396412968498, "sentiment": 0.1845588376710979, "win_prob_prematch": 0.5922828272513091, "upset_alert": 0}, "atpd0co": {"player_id": "atpd0co", "wpi_rank": 57.0, "tour_rank": 94, "performance_score": 58.170313246192755, "volume_score": 14.605037409130304, "sentiment": 0.3108307460800341, "win_prob_prematch": 0.4077171727486909, "upset_alert": 0}, "publication_date_milliseconds": 1656609012825}