{"wta320567": {"player_id": "wta320567", "wpi_rank": 30.0, "tour_rank": 34.0, "performance_score": 18.63679927587033, "volume_score": 8.131372740422586, "sentiment": 0.3670360288332073, "win_prob_prematch": 0.5807383890767468, "upset_alert": 0}, "wta322942": {"player_id": "wta322942", "wpi_rank": 53.0, "tour_rank": 64, "performance_score": 18.63679927587033, "volume_score": 11.129944004188593, "sentiment": 0.03469284930017805, "win_prob_prematch": 0.4192616109232532, "upset_alert": 0}, "publication_date_milliseconds": 1656324058532}