{"atpz419": {"player_id": "atpz419", "wpi_rank": 94.0, "tour_rank": 90, "performance_score": 18.651804906153743, "volume_score": 8.991512841536109, "sentiment": 0.2996415791824477, "win_prob_prematch": 0.49, "upset_alert": 0}, "atpsm25": {"player_id": "atpsm25", "wpi_rank": 88.0, "tour_rank": 103.0, "performance_score": 18.651804906153743, "volume_score": 14.815963835397877, "sentiment": 0.2254239058721641, "win_prob_prematch": 0.51, "upset_alert": 0}, "publication_date_milliseconds": 1656422421138}