{"atpdh50": {"player_id": "atpdh50", "wpi_rank": 33.0, "tour_rank": 38, "performance_score": 18.63679927587033, "volume_score": 9.417235351016533, "sentiment": 0.32812273049221474, "win_prob_prematch": 0.4328673959069639, "upset_alert": 0}, "atphb71": {"player_id": "atphb71", "wpi_rank": 5.0, "tour_rank": 10.0, "performance_score": 18.63679927587033, "volume_score": 13.000612315528855, "sentiment": 0.4069863075448935, "win_prob_prematch": 0.5671326040930361, "upset_alert": 0}, "publication_date_milliseconds": 1656324028061}