{"wta315232": {"player_id": "wta315232", "wpi_rank": 32.0, "tour_rank": 44, "performance_score": 71.48041118856437, "volume_score": 1.4868084355422218, "sentiment": 0.28943297953638697, "win_prob_prematch": 0.41990726840944037, "upset_alert": 0}, "wta318314": {"player_id": "wta318314", "wpi_rank": 10.0, "tour_rank": 14, "performance_score": 65.81906820788846, "volume_score": 4.469690285008382, "sentiment": 0.17308817340910798, "win_prob_prematch": 0.5800927315905596, "upset_alert": 0}, "publication_date_milliseconds": 1656756019088}