{"wta318352": {"player_id": "wta318352", "wpi_rank": 110.0, "tour_rank": 122, "performance_score": 18.63721675237491, "volume_score": 9.844394059731028, "sentiment": 0.19260504708672085, "win_prob_prematch": 0.45862381756345094, "upset_alert": 0}, "wta318839": {"player_id": "wta318839", "wpi_rank": 77.0, "tour_rank": 106, "performance_score": 18.63721675237491, "volume_score": 10.003239017291028, "sentiment": 0.3718161768830113, "win_prob_prematch": 0.5413761824365491, "upset_alert": 0}, "publication_date_milliseconds": 1656388232890}