{"atpgb88": {"player_id": "atpgb88", "wpi_rank": 8.0, "tour_rank": 58, "performance_score": 95.31280263412745, "volume_score": 15.654658144489638, "sentiment": 0.03817243975859613, "win_prob_prematch": 0.36718747567940313, "upset_alert": 0}, "atpn771": {"player_id": "atpn771", "wpi_rank": 3.0, "tour_rank": 12, "performance_score": 94.64854823657845, "volume_score": 8.616378779074886, "sentiment": 0.05195766611102333, "win_prob_prematch": 0.6328125243205969, "upset_alert": 0}, "publication_date_milliseconds": 1656965415586}