{"atpkb05": {"player_id": "atpkb05", "wpi_rank": 25.0, "tour_rank": 31, "performance_score": 18.651943838749137, "volume_score": 9.992643017958127, "sentiment": 0.2770160323501273, "win_prob_prematch": 0.5949909641672588, "upset_alert": 0}, "atpl0bv": {"player_id": "atpl0bv", "wpi_rank": 71.0, "tour_rank": 72, "performance_score": 18.651943838749137, "volume_score": 1.8379159354003793, "sentiment": 0.37558102002522864, "win_prob_prematch": 0.40500903583274117, "upset_alert": 0}, "publication_date_milliseconds": 1656424815221}