{"wta316296": {"player_id": "wta316296", "wpi_rank": 40.0, "tour_rank": 58, "performance_score": 18.63721675237491, "volume_score": 1.7774662010764186, "sentiment": 0.26268563636363634, "win_prob_prematch": 0.5498219332333171, "upset_alert": 0}, "wta310770": {"player_id": "wta310770", "wpi_rank": 51.0, "tour_rank": 57, "performance_score": 18.63721675237491, "volume_score": 13.02218061292856, "sentiment": 0.14509289293223426, "win_prob_prematch": 0.4501780667666829, "upset_alert": 0}, "publication_date_milliseconds": 1656388229404}