{"wta324166": {"player_id": "wta324166", "wpi_rank": 6.0, "tour_rank": 23, "performance_score": 85.98000633880936, "volume_score": 13.867466060958217, "sentiment": -0.03390035370427684, "win_prob_prematch": 0.6364479445280327, "upset_alert": 0}, "wta313711": {"player_id": "wta313711", "wpi_rank": 17.0, "tour_rank": 80, "performance_score": 93.22825876428433, "volume_score": 7.614934939165038, "sentiment": 0.17980720473221876, "win_prob_prematch": 0.36355205547196734, "upset_alert": 0}, "publication_date_milliseconds": 1656936019056}