{"wta312121": {"player_id": "wta312121", "wpi_rank": 4.0, "tour_rank": 37, "performance_score": 92.13701512510345, "volume_score": 9.993309034564119, "sentiment": 0.057201920136639106, "win_prob_prematch": 0.51, "upset_alert": 0}, "wta315232": {"player_id": "wta315232", "wpi_rank": 20.0, "tour_rank": 44, "performance_score": 88.55250647086788, "volume_score": 1.309580406035955, "sentiment": 0.09064515364778275, "win_prob_prematch": 0.49, "upset_alert": 0}, "publication_date_milliseconds": 1656946216333}