{"wta320983": {"player_id": "wta320983", "wpi_rank": 36.0, "tour_rank": 66, "performance_score": 70.01355983109839, "volume_score": 13.10312538647727, "sentiment": 0.20615852524115336, "win_prob_prematch": 0.48113638496639244, "upset_alert": 0}, "wta312850": {"player_id": "wta312850", "wpi_rank": 13.0, "tour_rank": 36, "performance_score": 77.73913005070582, "volume_score": 13.959117330082508, "sentiment": 0.086773083788701, "win_prob_prematch": 0.5188636150336076, "upset_alert": 0}, "publication_date_milliseconds": 1656684620317}