{"wta325898": {"player_id": "wta325898", "wpi_rank": 51.0, "tour_rank": 63, "performance_score": 18.63679927587033, "volume_score": 11.293671852121363, "sentiment": 0.36596311325933584, "win_prob_prematch": 0.46020482410334085, "upset_alert": 0}, "wta317964": {"player_id": "wta317964", "wpi_rank": 25.0, "tour_rank": 31.0, "performance_score": 18.63679927587033, "volume_score": 9.053395688943711, "sentiment": 0.4065045268429427, "win_prob_prematch": 0.5397951758966592, "upset_alert": 0}, "publication_date_milliseconds": 1656336947100}