{"atpv942": {"player_id": "atpv942", "wpi_rank": 89.0, "tour_rank": 104, "performance_score": 53.941263966851416, "volume_score": 15.20859525791086, "sentiment": 0.13436561685919907, "win_prob_prematch": 0.332829654972449, "upset_alert": 0}, "atpo522": {"player_id": "atpo522", "wpi_rank": 11.0, "tour_rank": 18, "performance_score": 50.97657287553344, "volume_score": 5.646503638907088, "sentiment": 0.35780105964803655, "win_prob_prematch": 0.667170345027551, "upset_alert": 0}, "publication_date_milliseconds": 1656520213091}