{"wta317964": {"player_id": "wta317964", "wpi_rank": 16.0, "tour_rank": 31, "performance_score": 87.22500837314249, "volume_score": 4.406035713656155, "sentiment": 0.4546919262839231, "win_prob_prematch": 0.4318401752783756, "upset_alert": 0}, "wta316847": {"player_id": "wta316847", "wpi_rank": 1.0, "tour_rank": 2, "performance_score": 88.93312943996898, "volume_score": 16.728657300498863, "sentiment": 0.010898374381961451, "win_prob_prematch": 0.5681598247216244, "upset_alert": 0}, "publication_date_milliseconds": 1656868818526}