{"wta319489": {"player_id": "wta319489", "wpi_rank": 52.0, "tour_rank": 94, "performance_score": 72.99025416983568, "volume_score": 6.733643454728762, "sentiment": 0.060326896119154164, "win_prob_prematch": 0.3682543287780975, "upset_alert": 0}, "wta316956": {"player_id": "wta316956", "wpi_rank": 5.0, "tour_rank": 9, "performance_score": 80.1298264853105, "volume_score": 8.15704759714877, "sentiment": 0.17877134757750204, "win_prob_prematch": 0.6317456712219025, "upset_alert": 0}, "publication_date_milliseconds": 1656594619664}