{"wta319696": {"player_id": "wta319696", "wpi_rank": 98.0, "tour_rank": 136.0, "performance_score": 18.637077594774954, "volume_score": 9.847543660372, "sentiment": 0.28634758245901615, "win_prob_prematch": 0.46625788403628177, "upset_alert": 0}, "wta310440": {"player_id": "wta310440", "wpi_rank": 80.0, "tour_rank": 103, "performance_score": 18.637077594774954, "volume_score": 14.718071134459747, "sentiment": 0.15627965247957293, "win_prob_prematch": 0.5337421159637182, "upset_alert": 0}, "publication_date_milliseconds": 1656354636263}