{"wta321106": {"player_id": "wta321106", "wpi_rank": 68.0, "tour_rank": 89, "performance_score": 50.97657287553344, "volume_score": 6.652736706036513, "sentiment": 0.3759519004581552, "win_prob_prematch": 0.4270331008664886, "upset_alert": 0}, "wta324702": {"player_id": "wta324702", "wpi_rank": 32.0, "tour_rank": 62, "performance_score": 58.22826837603811, "volume_score": 6.221557204327731, "sentiment": 0.4282225111220174, "win_prob_prematch": 0.5729668991335114, "upset_alert": 0}, "publication_date_milliseconds": 1656527425525}