{"wta324702": {"player_id": "wta324702", "wpi_rank": 48.0, "tour_rank": 62.0, "performance_score": 18.63679927587033, "volume_score": 8.97175361842981, "sentiment": 0.42178547242083764, "win_prob_prematch": 0.4242056107179094, "upset_alert": 0}, "wta318176": {"player_id": "wta318176", "wpi_rank": 21.0, "tour_rank": 28, "performance_score": 18.63679927587033, "volume_score": 9.423890954591036, "sentiment": 0.24022570729941448, "win_prob_prematch": 0.5757943892820906, "upset_alert": 0}, "publication_date_milliseconds": 1656345648461}