{"atpsu55": {"player_id": "atpsu55", "wpi_rank": 13.0, "tour_rank": 16, "performance_score": 18.651943838749137, "volume_score": 14.469765462958039, "sentiment": 0.05409345817527833, "win_prob_prematch": 0.6375561262259131, "upset_alert": 0}, "atprc91": {"player_id": "atprc91", "wpi_rank": 60.0, "tour_rank": 62, "performance_score": 18.651943838749137, "volume_score": 9.595986456061976, "sentiment": 0.1593481399290673, "win_prob_prematch": 0.36244387377408693, "upset_alert": 0}, "publication_date_milliseconds": 1656431413109}