{"wta315391": {"player_id": "wta315391", "wpi_rank": 47.0, "tour_rank": 55, "performance_score": 50.97657287553344, "volume_score": 12.18546916225453, "sentiment": 0.21193577329595759, "win_prob_prematch": 0.3666080365094627, "upset_alert": 0}, "wta328366": {"player_id": "wta328366", "wpi_rank": 6.0, "tour_rank": 11, "performance_score": 51.7997538646787, "volume_score": 15.255077647725463, "sentiment": 0.203734372923494, "win_prob_prematch": 0.6333919634905373, "upset_alert": 0}, "publication_date_milliseconds": 1656514230674}