{"atpte16": {"player_id": "atpte16", "wpi_rank": 97.0, "tour_rank": 97.0, "performance_score": 18.637077594774954, "volume_score": 15.607695584268068, "sentiment": -0.0045211553329004145, "win_prob_prematch": 0.2982270733887922, "upset_alert": 0}, "atpo522": {"player_id": "atpo522", "wpi_rank": 14.0, "tour_rank": 18.0, "performance_score": 18.637077594774954, "volume_score": 8.877608973448815, "sentiment": 0.48975950698352333, "win_prob_prematch": 0.7017729266112078, "upset_alert": 0}, "publication_date_milliseconds": 1656351611614}