{"wta320567": {"player_id": "wta320567", "wpi_rank": 21.0, "tour_rank": 34, "performance_score": 50.97657287553344, "volume_score": 5.9515166539762365, "sentiment": 0.06371814795894501, "win_prob_prematch": 0.6545764464578725, "upset_alert": 0}, "wta315295": {"player_id": "wta315295", "wpi_rank": 92.0, "tour_rank": 101, "performance_score": 50.97657287553344, "volume_score": 1.269633276078834, "sentiment": -0.0504614251265373, "win_prob_prematch": 0.3454235535421275, "upset_alert": 0}, "publication_date_milliseconds": 1656502232565}