{"atpge33": {"player_id": "atpge33", "wpi_rank": 85.0, "tour_rank": 109, "performance_score": 18.651943838749137, "volume_score": 15.564005743764293, "sentiment": 0.1115795446224412, "win_prob_prematch": 0.5474064198193608, "upset_alert": 0}, "atpke73": {"player_id": "atpke73", "wpi_rank": 122.0, "tour_rank": 117, "performance_score": 18.651943838749137, "volume_score": 7.6938077257175275, "sentiment": 0.32356369004845575, "win_prob_prematch": 0.4525935801806392, "upset_alert": 0}, "publication_date_milliseconds": 1656433813308}