{"atpmc10": {"player_id": "atpmc10", "wpi_rank": 35.0, "tour_rank": 51.0, "performance_score": 18.637077594774954, "volume_score": 17.114510861848643, "sentiment": 0.03078717311548569, "win_prob_prematch": 0.6549584759071692, "upset_alert": 0}, "atpd994": {"player_id": "atpd994", "wpi_rank": 73.0, "tour_rank": 77.0, "performance_score": 18.637077594774954, "volume_score": 16.16986724407213, "sentiment": 0.27277379165687266, "win_prob_prematch": 0.34504152409283084, "upset_alert": 0}, "publication_date_milliseconds": 1656351312959}