{"wta323966": {"player_id": "wta323966", "wpi_rank": 51.0, "tour_rank": 75, "performance_score": 55.03166068238499, "volume_score": 5.574225728284133, "sentiment": -0.010042540602954054, "win_prob_prematch": 0.49, "upset_alert": 0}, "wta312121": {"player_id": "wta312121", "wpi_rank": 17.0, "tour_rank": 37, "performance_score": 68.3521410757557, "volume_score": 6.98701735146895, "sentiment": -0.04059178405367647, "win_prob_prematch": 0.51, "upset_alert": 0}, "publication_date_milliseconds": 1656583222989}