{"atpp09z": {"player_id": "atpp09z", "wpi_rank": 86.0, "tour_rank": 83.0, "performance_score": 18.651804906153743, "volume_score": 4.830367629135551, "sentiment": 0.33970922434771417, "win_prob_prematch": 0.43944320576448925, "upset_alert": 0}, "atpg09o": {"player_id": "atpg09o", "wpi_rank": 46.0, "tour_rank": 66, "performance_score": 18.651804906153743, "volume_score": 12.384160258825094, "sentiment": 0.28383820164049467, "win_prob_prematch": 0.5605567942355107, "upset_alert": 0}, "publication_date_milliseconds": 1656421820792}