{"wta326376": {"player_id": "wta326376", "wpi_rank": 64.0, "tour_rank": 71, "performance_score": 18.63721675237491, "volume_score": 10.615102694596166, "sentiment": 0.21628928103033118, "win_prob_prematch": 0.3757278950592259, "upset_alert": 0}, "wta326384": {"player_id": "wta326384", "wpi_rank": 19.0, "tour_rank": 25, "performance_score": 18.63721675237491, "volume_score": 12.056243538604205, "sentiment": 0.28514660833333333, "win_prob_prematch": 0.6242721049407741, "upset_alert": 0}, "publication_date_milliseconds": 1656388235848}