{"wta324166": {"player_id": "wta324166", "wpi_rank": 2.0, "tour_rank": 23, "performance_score": 99.38652320837637, "volume_score": 12.954581268712902, "sentiment": 0.1376336940637432, "win_prob_prematch": 0.47442531503763774, "upset_alert": 0}, "wta316847": {"player_id": "wta316847", "wpi_rank": 1.0, "tour_rank": 2, "performance_score": 99.42854516484863, "volume_score": 16.53082485598725, "sentiment": 0.11612103741619105, "win_prob_prematch": 0.5255746849623623, "upset_alert": 0}, "publication_date_milliseconds": 1657371616855}