{"wta326482": {"player_id": "wta326482", "wpi_rank": 48.0, "tour_rank": 76, "performance_score": 18.63721675237491, "volume_score": 8.38506147477338, "sentiment": 0.2942925614661629, "win_prob_prematch": 0.6611431810576112, "upset_alert": 0}, "wta323145": {"player_id": "wta323145", "wpi_rank": 94.0, "tour_rank": 184, "performance_score": 18.63721675237491, "volume_score": 14.696708182290118, "sentiment": 0.32215364261694784, "win_prob_prematch": 0.3388568189423888, "upset_alert": 0}, "publication_date_milliseconds": 1656388237913}