{"wta329918": {"player_id": "wta329918", "wpi_rank": 112.0, "tour_rank": 226, "performance_score": 18.63721675237491, "volume_score": 0.6056518633223443, "sentiment": 0.23710129828353574, "win_prob_prematch": 0.4693849522267828, "upset_alert": 0}, "wta317684": {"player_id": "wta317684", "wpi_rank": 60.0, "tour_rank": 90, "performance_score": 18.63721675237491, "volume_score": 1.6851763933320614, "sentiment": 0.4053090096153846, "win_prob_prematch": 0.5306150477732172, "upset_alert": 0}, "publication_date_milliseconds": 1656388227644}