{"wta315427": {"player_id": "wta315427", "wpi_rank": 64.0, "tour_rank": 111, "performance_score": 60.723950687160624, "volume_score": 6.526257141341069, "sentiment": 0.17956934935754817, "win_prob_prematch": 0.39831816106292595, "upset_alert": 0}, "wta314206": {"player_id": "wta314206", "wpi_rank": 11.0, "tour_rank": 26, "performance_score": 73.02828236376179, "volume_score": 7.612271609742293, "sentiment": 0.22141177025110365, "win_prob_prematch": 0.601681838937074, "upset_alert": 0}, "publication_date_milliseconds": 1656582625492}