{"atpo449": {"player_id": "atpo449", "wpi_rank": 22.0, "tour_rank": 36, "performance_score": 80.0655023762831, "volume_score": 12.196780975601138, "sentiment": 0.29288738825628713, "win_prob_prematch": 0.3697317145708441, "upset_alert": 0}, "atpa0e2": {"player_id": "atpa0e2", "wpi_rank": 3.0, "tour_rank": 7, "performance_score": 86.105369163089, "volume_score": 14.924206286108019, "sentiment": -0.013637568641309772, "win_prob_prematch": 0.6302682854291559, "upset_alert": 0}, "publication_date_milliseconds": 1656690614210}