{"wta328560": {"player_id": "wta328560", "wpi_rank": 3.0, "tour_rank": 12, "performance_score": 91.05718379114562, "volume_score": 14.723986062224737, "sentiment": 0.02315831945062629, "win_prob_prematch": 0.7492508475194118, "upset_alert": 0}, "wta312268": {"player_id": "wta312268", "wpi_rank": 74.0, "tour_rank": 127, "performance_score": 59.163910359587526, "volume_score": 5.311565877213153, "sentiment": 0.17780814754373697, "win_prob_prematch": 0.25074915248058816, "upset_alert": 0}, "publication_date_milliseconds": 1656616217546}