{"atprh16": {"player_id": "atprh16", "wpi_rank": 4.0, "tour_rank": 6, "performance_score": 50.97657287553344, "volume_score": 14.715881925876083, "sentiment": 0.005160637698503512, "win_prob_prematch": 0.7219061274498716, "upset_alert": 0}, "atphh26": {"player_id": "atphh26", "wpi_rank": 97.0, "tour_rank": 112, "performance_score": 59.73783932144565, "volume_score": 6.975899987604696, "sentiment": 0.13654659759333837, "win_prob_prematch": 0.2780938725501284, "upset_alert": 0}, "publication_date_milliseconds": 1656502215604}