{"wta323966": {"player_id": "wta323966", "wpi_rank": 67.0, "tour_rank": 75, "performance_score": 18.63721675237491, "volume_score": 10.131468605935831, "sentiment": 0.0756965823652293, "win_prob_prematch": 0.4048826537724992, "upset_alert": 0}, "wta314359": {"player_id": "wta314359", "wpi_rank": 34.0, "tour_rank": 51, "performance_score": 18.63721675237491, "volume_score": 9.61145103537628, "sentiment": -0.10067474026769777, "win_prob_prematch": 0.5951173462275008, "upset_alert": 0}, "publication_date_milliseconds": 1656388227928}