{"wta319001": {"player_id": "wta319001", "wpi_rank": 12.0, "tour_rank": 16, "performance_score": 18.637077594774954, "volume_score": 11.188857731080505, "sentiment": 0.33267838760173496, "win_prob_prematch": 0.7159371326645309, "upset_alert": 0}, "wta314429": {"player_id": "wta314429", "wpi_rank": 108.0, "tour_rank": 140.0, "performance_score": 18.637077594774954, "volume_score": 10.69235411046429, "sentiment": 0.21628928103033118, "win_prob_prematch": 0.28406286733546915, "upset_alert": 0}, "publication_date_milliseconds": 1656353736584}