{"wta315427": {"player_id": "wta315427", "wpi_rank": 92.0, "tour_rank": 111, "performance_score": 18.63721675237491, "volume_score": 8.765756931718853, "sentiment": 0.3740818008859766, "win_prob_prematch": 0.37755465768534613, "upset_alert": 0}, "wta324261": {"player_id": "wta324261", "wpi_rank": 47.0, "tour_rank": 74, "performance_score": 18.63721675237491, "volume_score": 8.682784844948687, "sentiment": 0.12836016774050754, "win_prob_prematch": 0.6224453423146539, "upset_alert": 0}, "publication_date_milliseconds": 1656388233173}