{"wta319280": {"player_id": "wta319280", "wpi_rank": 65.0, "tour_rank": 72, "performance_score": 18.63721675237491, "volume_score": 8.92770779627025, "sentiment": 0.36649449281749436, "win_prob_prematch": 0.3474825530864807, "upset_alert": 0}, "wta314206": {"player_id": "wta314206", "wpi_rank": 22.0, "tour_rank": 26, "performance_score": 18.63721675237491, "volume_score": 1.7947705400284857, "sentiment": 0.23850742381226092, "win_prob_prematch": 0.6525174469135193, "upset_alert": 0}, "publication_date_milliseconds": 1656388233578}