{"atpq927": {"player_id": "atpq927", "wpi_rank": 125.0, "tour_rank": 157, "performance_score": 18.651804906153743, "volume_score": 14.450772264941167, "sentiment": 0.02542219089340818, "win_prob_prematch": 0.4611009259364782, "upset_alert": 0}, "atpbe90": {"player_id": "atpbe90", "wpi_rank": 87.0, "tour_rank": 106, "performance_score": 18.651804906153743, "volume_score": 0.30225807166441376, "sentiment": 0.33348890720136387, "win_prob_prematch": 0.5388990740635218, "upset_alert": 0}, "publication_date_milliseconds": 1656418221315}