{"wta326408": {"player_id": "wta326408", "wpi_rank": 1.0, "tour_rank": 1, "performance_score": 95.89274684549545, "volume_score": 14.550427953763347, "sentiment": 0.14890885236104914, "win_prob_prematch": 0.6762156559021879, "upset_alert": 0}, "wta312121": {"player_id": "wta312121", "wpi_rank": 26.0, "tour_rank": 37, "performance_score": 76.24878672902145, "volume_score": 6.760345892526251, "sentiment": 0.2565059361198126, "win_prob_prematch": 0.3237843440978121, "upset_alert": 0}, "publication_date_milliseconds": 1656773417491}