{"atpfb98": {"player_id": "atpfb98", "wpi_rank": 5.0, "tour_rank": 14, "performance_score": 94.86327541680575, "volume_score": 7.918870012824792, "sentiment": -0.14843552264671664, "win_prob_prematch": 0.46671965414972116, "upset_alert": 0}, "atpn409": {"player_id": "atpn409", "wpi_rank": 2.0, "tour_rank": 4, "performance_score": 98.28600165141161, "volume_score": 16.115317721051984, "sentiment": -0.031061067487475183, "win_prob_prematch": 0.5332803458502788, "upset_alert": 0}, "publication_date_milliseconds": 1657116016075}