{"atpn771": {"player_id": "atpn771", "wpi_rank": 11.0, "tour_rank": 12.0, "performance_score": 18.63679927587033, "volume_score": 12.008483676022966, "sentiment": 0.15120046208027121, "win_prob_prematch": 0.7009812415956744, "upset_alert": 0}, "atpa596": {"player_id": "atpa596", "wpi_rank": 96.0, "tour_rank": 100, "performance_score": 18.63679927587033, "volume_score": 11.04563969224489, "sentiment": 0.28203580230352915, "win_prob_prematch": 0.29901875840432557, "upset_alert": 0}, "publication_date_milliseconds": 1656324025477}