{"atpbu13": {"player_id": "atpbu13", "wpi_rank": 116.0, "tour_rank": 146, "performance_score": 18.651943838749137, "volume_score": 12.25690935843571, "sentiment": 0.3992317243919844, "win_prob_prematch": 0.3525443036995435, "upset_alert": 0}, "atpd0co": {"player_id": "atpd0co", "wpi_rank": 67.0, "tour_rank": 94, "performance_score": 18.651943838749137, "volume_score": 15.439912070768848, "sentiment": 0.24052681713865576, "win_prob_prematch": 0.6474556963004565, "upset_alert": 0}, "publication_date_milliseconds": 1656425415923}