{"wta320016": {"player_id": "wta320016", "wpi_rank": 48.0, "tour_rank": 115, "performance_score": 81.85939292332128, "volume_score": 9.920585899585282, "sentiment": 0.06602292355434526, "win_prob_prematch": 0.4873764798543462, "upset_alert": 0}, "wta319125": {"player_id": "wta319125", "wpi_rank": 13.0, "tour_rank": 118, "performance_score": 85.04786905497221, "volume_score": 14.814700432365658, "sentiment": -0.13537537009762163, "win_prob_prematch": 0.5126235201456538, "upset_alert": 0}, "publication_date_milliseconds": 1656755422036}