{"wta319571": {"player_id": "wta319571", "wpi_rank": 83.0, "tour_rank": 110, "performance_score": 18.637077594774954, "volume_score": 10.400841260826352, "sentiment": 0.40206748753715443, "win_prob_prematch": 0.5224884097465282, "upset_alert": 0}, "wta316981": {"player_id": "wta316981", "wpi_rank": 89.0, "tour_rank": 121.0, "performance_score": 18.637077594774954, "volume_score": 12.439656396421979, "sentiment": 0.1646068229876576, "win_prob_prematch": 0.4775115902534718, "upset_alert": 0}, "publication_date_milliseconds": 1656357937099}