{"atpke64": {"player_id": "atpke64", "wpi_rank": 119.0, "tour_rank": 107, "performance_score": 18.651943838749137, "volume_score": 15.423513978265879, "sentiment": -0.09104535330594116, "win_prob_prematch": 0.3313503158397232, "upset_alert": 0}, "atpsm37": {"player_id": "atpsm37", "wpi_rank": 10.0, "tour_rank": 15, "performance_score": 18.651943838749137, "volume_score": 13.007232888368877, "sentiment": 0.1851449652409907, "win_prob_prematch": 0.6686496841602768, "upset_alert": 0}, "publication_date_milliseconds": 1656430813795}