{"atpbg23": {"player_id": "atpbg23", "wpi_rank": 15.0, "tour_rank": 26, "performance_score": 50.97657287553344, "volume_score": 5.714235121208365, "sentiment": 0.3384977659259477, "win_prob_prematch": 0.5634956237108465, "upset_alert": 0}, "atphb64": {"player_id": "atphb64", "wpi_rank": 70.0, "tour_rank": 82, "performance_score": 50.97657287553344, "volume_score": 6.60227011138066, "sentiment": 0.38636509859754964, "win_prob_prematch": 0.4365043762891535, "upset_alert": 0}, "publication_date_milliseconds": 1656511213658}