{"atpn0ae": {"player_id": "atpn0ae", "wpi_rank": 40.0, "tour_rank": 56, "performance_score": 18.651943838749137, "volume_score": 11.686078462656669, "sentiment": 0.09071235356874217, "win_prob_prematch": 0.7310525207123241, "upset_alert": 0}, "atpki74": {"player_id": "atpki74", "wpi_rank": 128.0, "tour_rank": 261, "performance_score": 18.651943838749137, "volume_score": 12.681486996755837, "sentiment": -0.14395531026219385, "win_prob_prematch": 0.26894747928767593, "upset_alert": 0}, "publication_date_milliseconds": 1656430814552}