{"atppd31": {"player_id": "atppd31", "wpi_rank": 68.0, "tour_rank": 76.0, "performance_score": 18.63679927587033, "volume_score": 16.07949452909386, "sentiment": 0.2891384912314253, "win_prob_prematch": 0.49, "upset_alert": 0}, "atphb64": {"player_id": "atphb64", "wpi_rank": 73.0, "tour_rank": 84, "performance_score": 18.63679927587033, "volume_score": 8.896767151490412, "sentiment": 0.3980440907859125, "win_prob_prematch": 0.51, "upset_alert": 0}, "publication_date_milliseconds": 1656324019341}