{"wta315232": {"player_id": "wta315232", "wpi_rank": 15.0, "tour_rank": 44, "performance_score": 61.5468631161894, "volume_score": 1.4043900454569573, "sentiment": 0.27094144571022805, "win_prob_prematch": 0.7434871035420051, "upset_alert": 0}, "wta317900": {"player_id": "wta317900", "wpi_rank": 61.0, "tour_rank": 262, "performance_score": 61.061782549480874, "volume_score": 15.022905354015954, "sentiment": 0.1882078371759232, "win_prob_prematch": 0.2565128964579949, "upset_alert": 0}, "publication_date_milliseconds": 1656582623211}