{"atpd643": {"player_id": "atpd643", "wpi_rank": 1.0, "tour_rank": 3, "performance_score": 50.97657287553344, "volume_score": 16.904538452003614, "sentiment": 0.04938544629302042, "win_prob_prematch": 0.6882781020834001, "upset_alert": 0}, "atpkd46": {"player_id": "atpkd46", "wpi_rank": 71.0, "tour_rank": 79, "performance_score": 51.7997538646787, "volume_score": 1.9327820374338178, "sentiment": 0.3277481996961861, "win_prob_prematch": 0.3117218979165998, "upset_alert": 0}, "publication_date_milliseconds": 1656505815802}