{"atpl987": {"player_id": "atpl987", "wpi_rank": 62.0, "tour_rank": 63.0, "performance_score": 18.637077594774954, "volume_score": 9.43933693028539, "sentiment": 0.3798759995122971, "win_prob_prematch": 0.31811535797503365, "upset_alert": 0}, "atpcd85": {"player_id": "atpcd85", "wpi_rank": 16.0, "tour_rank": 19.0, "performance_score": 18.637077594774954, "volume_score": 11.032230583558142, "sentiment": 0.28203580230352915, "win_prob_prematch": 0.6818846420249663, "upset_alert": 0}, "publication_date_milliseconds": 1656350715262}