{"wta315130": {"player_id": "wta315130", "wpi_rank": 42.0, "tour_rank": 65.0, "performance_score": 18.637077594774954, "volume_score": 10.960794405792987, "sentiment": 0.43805609622667974, "win_prob_prematch": 0.6519178263705829, "upset_alert": 0}, "wta323582": {"player_id": "wta323582", "wpi_rank": 121.0, "tour_rank": 191.0, "performance_score": 18.637077594774954, "volume_score": 8.996077665767428, "sentiment": 0.1517902738095238, "win_prob_prematch": 0.348082173629417, "upset_alert": 0}, "publication_date_milliseconds": 1656351337291}