{"atprh24": {"player_id": "atprh24", "wpi_rank": 19.0, "tour_rank": 49, "performance_score": 57.64808886216106, "volume_score": 6.128287670021402, "sentiment": 0.12992645000000003, "win_prob_prematch": 0.5378659910570459, "upset_alert": 0}, "atpv812": {"player_id": "atpv812", "wpi_rank": 29.0, "tour_rank": 25, "performance_score": 62.1018094345296, "volume_score": 15.574314165944426, "sentiment": 0.09939504323784346, "win_prob_prematch": 0.4621340089429541, "upset_alert": 0}, "publication_date_milliseconds": 1656583218648}