{"atptd51": {"player_id": "atptd51", "wpi_rank": 20.0, "tour_rank": 28, "performance_score": 68.2591738661861, "volume_score": 15.549195243900284, "sentiment": 0.2204100238710664, "win_prob_prematch": 0.4836355247708688, "upset_alert": 0}, "atpbk92": {"player_id": "atpbk92", "wpi_rank": 11.0, "tour_rank": 38, "performance_score": 71.84833306832034, "volume_score": 15.192752778219466, "sentiment": 0.08566043967299808, "win_prob_prematch": 0.5163644752291312, "upset_alert": 0}, "publication_date_milliseconds": 1656669616240}