{"atpbg23": {"player_id": "atpbg23", "wpi_rank": 15.0, "tour_rank": 26, "performance_score": 68.3236603593576, "volume_score": 5.211480362537764, "sentiment": 0.2584385492313989, "win_prob_prematch": 0.547006839305911, "upset_alert": 0}, "atpv942": {"player_id": "atpv942", "wpi_rank": 33.0, "tour_rank": 104, "performance_score": 85.70851221709864, "volume_score": 14.63799226162082, "sentiment": 0.33010678632068313, "win_prob_prematch": 0.452993160694089, "upset_alert": 0}, "publication_date_milliseconds": 1656669014432}