{"wta310440": {"player_id": "wta310440", "wpi_rank": 6.0, "tour_rank": 103, "performance_score": 98.28363262219251, "volume_score": 12.330056105668607, "sentiment": -0.07826290664046466, "win_prob_prematch": 0.4392499357929067, "upset_alert": 0}, "wta325940": {"player_id": "wta325940", "wpi_rank": 4.0, "tour_rank": 97, "performance_score": 95.69512109326908, "volume_score": 7.183372320030955, "sentiment": 0.1660943896073664, "win_prob_prematch": 0.5607500642070933, "upset_alert": 0}, "publication_date_milliseconds": 1657022419959}