{"wta325956": {"player_id": "wta325956", "wpi_rank": 82.0, "tour_rank": 100, "performance_score": 68.97145538575957, "volume_score": 5.705381332672251, "sentiment": 0.4180428357038378, "win_prob_prematch": 0.36916393315004303, "upset_alert": 0}, "wta317964": {"player_id": "wta317964", "wpi_rank": 18.0, "tour_rank": 31, "performance_score": 48.061905689444515, "volume_score": 6.708958263240841, "sentiment": 0.3675113125828558, "win_prob_prematch": 0.630836066849957, "upset_alert": 0}, "publication_date_milliseconds": 1656526225131}