{"wta318312": {"player_id": "wta318312", "wpi_rank": 3.0, "tour_rank": 5, "performance_score": 18.63721675237491, "volume_score": 14.443354911991907, "sentiment": 0.16769375006670212, "win_prob_prematch": 0.8427960649805184, "upset_alert": 0}, "wta319856": {"player_id": "wta319856", "wpi_rank": 117.0, "tour_rank": 500, "performance_score": 18.63721675237491, "volume_score": 11.980370667814373, "sentiment": 0.10523022267958478, "win_prob_prematch": 0.1572039350194816, "upset_alert": 0}, "publication_date_milliseconds": 1656388238203}