{"wta316464": {"player_id": "wta316464", "wpi_rank": 115.0, "tour_rank": 224, "performance_score": 18.63721675237491, "volume_score": 0.7871255718196621, "sentiment": 0.2913560733596464, "win_prob_prematch": 0.2381930699983005, "upset_alert": 0}, "wta325088": {"player_id": "wta325088", "wpi_rank": 38.0, "tour_rank": 56, "performance_score": 18.63721675237491, "volume_score": 10.216215496701084, "sentiment": 0.3782090640385276, "win_prob_prematch": 0.7618069300016995, "upset_alert": 0}, "publication_date_milliseconds": 1656388230667}