{"atpn0ae": {"player_id": "atpn0ae", "wpi_rank": 29.0, "tour_rank": 56, "performance_score": 85.26953145634145, "volume_score": 9.319810540031343, "sentiment": 0.0722778295495018, "win_prob_prematch": 0.4446445151961891, "upset_alert": 0}, "atpke17": {"player_id": "atpke17", "wpi_rank": 5.0, "tour_rank": 40, "performance_score": 92.25762858098709, "volume_score": 14.886957899741166, "sentiment": 0.014691880228934327, "win_prob_prematch": 0.5553554848038109, "upset_alert": 0}, "publication_date_milliseconds": 1656937814866}