{"atpdh58": {"player_id": "atpdh58", "wpi_rank": 21.0, "tour_rank": 27, "performance_score": 18.651804906153743, "volume_score": 16.48724710262149, "sentiment": 0.14227904231989563, "win_prob_prematch": 0.7101734791398084, "upset_alert": 0}, "atpda31": {"player_id": "atpda31", "wpi_rank": 77.0, "tour_rank": 80, "performance_score": 18.651804906153743, "volume_score": 12.200234892636338, "sentiment": 0.382351620839792, "win_prob_prematch": 0.28982652086019156, "upset_alert": 0}, "publication_date_milliseconds": 1656417614353}