{"wta312268": {"player_id": "wta312268", "wpi_rank": 113.0, "tour_rank": 127, "performance_score": 18.63721675237491, "volume_score": 6.667494908531039, "sentiment": 0.4132042897993311, "win_prob_prematch": 0.37960148668451354, "upset_alert": 0}, "wta329366": {"player_id": "wta329366", "wpi_rank": 86.0, "tour_rank": 154, "performance_score": 18.63721675237491, "volume_score": 1.876855224801111, "sentiment": 0.1035749736121488, "win_prob_prematch": 0.6203985133154865, "upset_alert": 1}, "publication_date_milliseconds": 1656388235290}