{"wta311470": {"player_id": "wta311470", "wpi_rank": 16.0, "tour_rank": 19.0, "performance_score": 18.637077594774954, "volume_score": 2.728329547068011, "sentiment": 0.3281806231416303, "win_prob_prematch": 0.7239571046188086, "upset_alert": 0}, "wta315616": {"player_id": "wta315616", "wpi_rank": 111.0, "tour_rank": 120, "performance_score": 18.637077594774954, "volume_score": 9.451316910407497, "sentiment": 0.47578920419607784, "win_prob_prematch": 0.2760428953811914, "upset_alert": 0}, "publication_date_milliseconds": 1656352839167}