{"atpke17": {"player_id": "atpke17", "wpi_rank": 17.0, "tour_rank": 40, "performance_score": 81.30614135709874, "volume_score": 14.49572046236654, "sentiment": 0.020843339944917133, "win_prob_prematch": 0.47768599889902985, "upset_alert": 0}, "atpte51": {"player_id": "atpte51", "wpi_rank": 5.0, "tour_rank": 5, "performance_score": 75.56317832877437, "volume_score": 12.527574340421777, "sentiment": 0.10767876337230978, "win_prob_prematch": 0.5223140011009701, "upset_alert": 0}, "publication_date_milliseconds": 1656780616769}