{"wta318312": {"player_id": "wta318312", "wpi_rank": 4.0, "tour_rank": 5, "performance_score": 77.09117330082508, "volume_score": 13.067790321725765, "sentiment": 0.09719439067893211, "win_prob_prematch": 0.6118031501591172, "upset_alert": 0}, "wta310440": {"player_id": "wta310440", "wpi_rank": 46.0, "tour_rank": 103, "performance_score": 78.91181251214643, "volume_score": 13.043497464709104, "sentiment": 0.10645688308191636, "win_prob_prematch": 0.38819684984088276, "upset_alert": 0}, "publication_date_milliseconds": 1656681023280}