{"wta312673": {"player_id": "wta312673", "wpi_rank": 61.0, "tour_rank": 91, "performance_score": 18.63721675237491, "volume_score": 9.177955159577063, "sentiment": 0.4799430791960778, "win_prob_prematch": 0.5121916950318794, "upset_alert": 0}, "wta317155": {"player_id": "wta317155", "wpi_rank": 97.0, "tour_rank": 124, "performance_score": 18.63721675237491, "volume_score": 9.346117838111253, "sentiment": 0.31751964774295866, "win_prob_prematch": 0.48780830496812055, "upset_alert": 0}, "publication_date_milliseconds": 1656388231634}