{"atphh26": {"player_id": "atphh26", "wpi_rank": 50.0, "tour_rank": 112, "performance_score": 85.28051624529601, "volume_score": 6.8616278864331015, "sentiment": 0.24048310897457653, "win_prob_prematch": 0.49, "upset_alert": 0}, "atpgb88": {"player_id": "atpgb88", "wpi_rank": 12.0, "tour_rank": 58, "performance_score": 79.68211692372927, "volume_score": 16.18831822759315, "sentiment": 0.2561777227210771, "win_prob_prematch": 0.51, "upset_alert": 0}, "publication_date_milliseconds": 1656681016083}