{"atpv708": {"player_id": "atpv708", "wpi_rank": 56.0, "tour_rank": 68, "performance_score": 53.941263966851416, "volume_score": 6.231739061144264, "sentiment": 0.28860734079070977, "win_prob_prematch": 0.4258547779704338, "upset_alert": 0}, "atpdh50": {"player_id": "atpdh50", "wpi_rank": 23.0, "tour_rank": 37, "performance_score": 53.9937226639279, "volume_score": 6.475660935314221, "sentiment": 0.09377445987996876, "win_prob_prematch": 0.5741452220295662, "upset_alert": 0}, "publication_date_milliseconds": 1656515414516}