{"atpbk92": {"player_id": "atpbk92", "wpi_rank": 18.0, "tour_rank": 38, "performance_score": 50.97657287553344, "volume_score": 15.796929506135676, "sentiment": -0.0632968669670507, "win_prob_prematch": 0.5851369791619342, "upset_alert": 0}, "atpl987": {"player_id": "atpl987", "wpi_rank": 53.0, "tour_rank": 64, "performance_score": 59.13821649283729, "volume_score": 7.1211021195969755, "sentiment": 0.40219168187794785, "win_prob_prematch": 0.4148630208380658, "upset_alert": 0}, "publication_date_milliseconds": 1656509416324}