{"atpte30": {"player_id": "atpte30", "wpi_rank": 70.0, "tour_rank": 80.0, "performance_score": 18.63679927587033, "volume_score": 9.352454142891371, "sentiment": 0.3397548284361743, "win_prob_prematch": 0.4585824880638635, "upset_alert": 0}, "atpdb63": {"player_id": "atpdb63", "wpi_rank": 44.0, "tour_rank": 55, "performance_score": 18.63679927587033, "volume_score": 1.7446555503296741, "sentiment": 0.3739574622633246, "win_prob_prematch": 0.5414175119361365, "upset_alert": 0}, "publication_date_milliseconds": 1656336918229}