{"atpmv14": {"player_id": "atpmv14", "wpi_rank": 38.0, "tour_rank": 51, "performance_score": 68.3060531192094, "volume_score": 14.961175328686139, "sentiment": -0.20084299212203371, "win_prob_prematch": 0.39640651314854775, "upset_alert": 0}, "atpfb98": {"player_id": "atpfb98", "wpi_rank": 7.0, "tour_rank": 14, "performance_score": 73.15825465454866, "volume_score": 9.100855907526691, "sentiment": 0.157676000038314, "win_prob_prematch": 0.6035934868514523, "upset_alert": 0}, "publication_date_milliseconds": 1656767414359}