{"wta318060": {"player_id": "wta318060", "wpi_rank": 54.0, "tour_rank": 61, "performance_score": 18.63721675237491, "volume_score": 1.902589882729826, "sentiment": 0.27757154333333334, "win_prob_prematch": 0.335931460104651, "upset_alert": 0}, "wta313974": {"player_id": "wta313974", "wpi_rank": 8.0, "tour_rank": 7, "performance_score": 18.63721675237491, "volume_score": 9.815109793812146, "sentiment": 0.12944968174938531, "win_prob_prematch": 0.664068539895349, "upset_alert": 0}, "publication_date_milliseconds": 1656388236984}