{"atpag37": {"player_id": "atpag37", "wpi_rank": 8.0, "tour_rank": 9, "performance_score": 18.651943838749137, "volume_score": 14.018596323281745, "sentiment": 0.2667659939665542, "win_prob_prematch": 0.6104630338432532, "upset_alert": 0}, "atpc0bc": {"player_id": "atpc0bc", "wpi_rank": 51.0, "tour_rank": 45, "performance_score": 18.651943838749137, "volume_score": 9.427573614139588, "sentiment": 0.40067660517613307, "win_prob_prematch": 0.3895369661567468, "upset_alert": 0}, "publication_date_milliseconds": 1656428416409}