{"wta320926": {"player_id": "wta320926", "wpi_rank": 17.0, "tour_rank": 22, "performance_score": 18.63721675237491, "volume_score": 7.946684887987683, "sentiment": 0.33894931091012315, "win_prob_prematch": 0.5845408101451945, "upset_alert": 0}, "wta315232": {"player_id": "wta315232", "wpi_rank": 46.0, "tour_rank": 44, "performance_score": 18.63721675237491, "volume_score": 2.1816778109567525, "sentiment": 0.40249166981378787, "win_prob_prematch": 0.41545918985480546, "upset_alert": 0}, "publication_date_milliseconds": 1656388228834}