{"wta325940": {"player_id": "wta325940", "wpi_rank": 79.0, "tour_rank": 97, "performance_score": 51.7997538646787, "volume_score": 6.894002443645636, "sentiment": 0.2840715817922096, "win_prob_prematch": 0.3358927656765682, "upset_alert": 0}, "wta318425": {"player_id": "wta318425", "wpi_rank": 4.0, "tour_rank": 3, "performance_score": 50.97657287553344, "volume_score": 9.29160837922547, "sentiment": 0.32464237200111745, "win_prob_prematch": 0.6641072343234318, "upset_alert": 0}, "publication_date_milliseconds": 1656504036891}