{"atpsu87": {"player_id": "atpsu87", "wpi_rank": 36.0, "tour_rank": 54, "performance_score": 72.60191476219889, "volume_score": 5.328686137827583, "sentiment": -0.015035165984659246, "win_prob_prematch": 0.39712167758281613, "upset_alert": 0}, "atpn409": {"player_id": "atpn409", "wpi_rank": 1.0, "tour_rank": 4, "performance_score": 95.89274684549545, "volume_score": 16.177534633371568, "sentiment": 0.12457590456994365, "win_prob_prematch": 0.6028783224171839, "upset_alert": 0}, "publication_date_milliseconds": 1656783616053}