{"atpgj37": {"player_id": "atpgj37", "wpi_rank": 46.0, "tour_rank": 53, "performance_score": 53.35824199174827, "volume_score": 6.382696155685018, "sentiment": 0.19160907341616523, "win_prob_prematch": 0.3154130754877687, "upset_alert": 0}, "atpa0e2": {"player_id": "atpa0e2", "wpi_rank": 5.0, "tour_rank": 7, "performance_score": 47.26240858463336, "volume_score": 15.450746374373594, "sentiment": 0.15017379485316668, "win_prob_prematch": 0.6845869245122314, "upset_alert": 0}, "publication_date_milliseconds": 1656521414055}