{"atpg628": {"player_id": "atpg628", "wpi_rank": 43.0, "tour_rank": 69, "performance_score": 71.52100061766522, "volume_score": 11.513720991793877, "sentiment": 0.0011711152852743115, "win_prob_prematch": 0.3963673275441252, "upset_alert": 0}, "atpv812": {"player_id": "atpv812", "wpi_rank": 8.0, "tour_rank": 25, "performance_score": 74.60888555545752, "volume_score": 15.693549810288538, "sentiment": -0.1700463542323442, "win_prob_prematch": 0.6036326724558748, "upset_alert": 0}, "publication_date_milliseconds": 1656760216920}