{"wta319436": {"player_id": "wta319436", "wpi_rank": 81.0, "tour_rank": 85, "performance_score": 18.63721675237491, "volume_score": 13.491172568629452, "sentiment": 0.34033528647385947, "win_prob_prematch": 0.3061253506651872, "upset_alert": 0}, "wta319939": {"player_id": "wta319939", "wpi_rank": 15.0, "tour_rank": 17, "performance_score": 18.63721675237491, "volume_score": 12.994671151004761, "sentiment": 0.1272857437273119, "win_prob_prematch": 0.6938746493348128, "upset_alert": 0}, "publication_date_milliseconds": 1656388239330}