{"atps0ag": {"player_id": "atps0ag", "wpi_rank": 9.0, "tour_rank": 13.0, "performance_score": 18.637077594774954, "volume_score": 11.518085332954707, "sentiment": 0.37122714423750314, "win_prob_prematch": 0.8043403365858871, "upset_alert": 0}, "atpw367": {"player_id": "atpw367", "wpi_rank": 112.0, "tour_rank": 265.0, "performance_score": 18.637077594774954, "volume_score": 16.372195797245492, "sentiment": 0.06729669538169089, "win_prob_prematch": 0.19565966341411287, "upset_alert": 0}, "publication_date_milliseconds": 1656349219751}