{"atpc0bc": {"player_id": "atpc0bc", "wpi_rank": 17.0, "tour_rank": 45, "performance_score": 70.00504094663671, "volume_score": 6.261828537064224, "sentiment": 0.25819221044660023, "win_prob_prematch": 0.6206464413283566, "upset_alert": 0}, "atpsm25": {"player_id": "atpsm25", "wpi_rank": 65.0, "tour_rank": 103, "performance_score": 51.59983727470506, "volume_score": 13.577833984824098, "sentiment": 0.2909434913689234, "win_prob_prematch": 0.3793535586716434, "upset_alert": 0}, "publication_date_milliseconds": 1656604812965}