{"wta315295": {"player_id": "wta315295", "wpi_rank": 32.0, "tour_rank": 101, "performance_score": 86.58879701772054, "volume_score": 1.1731241497500045, "sentiment": 0.2939728726111276, "win_prob_prematch": 0.4058077909917964, "upset_alert": 0}, "wta325940": {"player_id": "wta325940", "wpi_rank": 15.0, "tour_rank": 97, "performance_score": 85.71425416512076, "volume_score": 6.952173989858837, "sentiment": 0.24421504792316107, "win_prob_prematch": 0.5941922090082036, "upset_alert": 0}, "publication_date_milliseconds": 1656669025303}