{"wta327077": {"player_id": "wta327077", "wpi_rank": 40.0, "tour_rank": 77, "performance_score": 65.76660528039949, "volume_score": 8.43943123262444, "sentiment": 0.29803851539295056, "win_prob_prematch": 0.6089609978940267, "upset_alert": 0}, "wta324750": {"player_id": "wta324750", "wpi_rank": 72.0, "tour_rank": 139, "performance_score": 62.16355603562764, "volume_score": 17.031590317496857, "sentiment": 0.060306955439908175, "win_prob_prematch": 0.3910390021059733, "upset_alert": 0}, "publication_date_milliseconds": 1656517826081}