{"atppl56": {"player_id": "atppl56", "wpi_rank": 29.0, "tour_rank": 35.0, "performance_score": 18.63679927587033, "volume_score": 17.01926575381366, "sentiment": 0.14557110008765467, "win_prob_prematch": 0.656295045239908, "upset_alert": 0}, "atpv306": {"player_id": "atpv306", "wpi_rank": 89.0, "tour_rank": 111, "performance_score": 18.63679927587033, "volume_score": 13.189631457044735, "sentiment": 0.27388084068307506, "win_prob_prematch": 0.343704954760092, "upset_alert": 0}, "publication_date_milliseconds": 1656324026847}