{"atpbg23": {"player_id": "atpbg23", "wpi_rank": 25.0, "tour_rank": 27.0, "performance_score": 18.63679927587033, "volume_score": 1.8347280520379459, "sentiment": 0.2734893607476912, "win_prob_prematch": 0.7709683133064029, "upset_alert": 0}, "atpr685": {"player_id": "atpr685", "wpi_rank": 123.0, "tour_rank": 278, "performance_score": 18.63679927587033, "volume_score": 11.283022886402158, "sentiment": 0.23623818576968902, "win_prob_prematch": 0.22903168669359705, "upset_alert": 0}, "publication_date_milliseconds": 1656324018967}