{"wta312328": {"player_id": "wta312328", "wpi_rank": 39.0, "tour_rank": 59, "performance_score": 18.63721675237491, "volume_score": 12.21286999117035, "sentiment": -0.07765411903351307, "win_prob_prematch": 0.6231448992413146, "upset_alert": 0}, "wta317414": {"player_id": "wta317414", "wpi_rank": 102.0, "tour_rank": 102, "performance_score": 18.63721675237491, "volume_score": 14.418507656060735, "sentiment": 0.17199710772180188, "win_prob_prematch": 0.37685510075868545, "upset_alert": 0}, "publication_date_milliseconds": 1656388235573}