{"atpd643": {"player_id": "atpd643", "wpi_rank": 1.0, "tour_rank": 3.0, "performance_score": 18.63679927587033, "volume_score": 17.23801325796232, "sentiment": 0.012939682900763909, "win_prob_prematch": 0.7059460825881593, "upset_alert": 0}, "atpkf17": {"player_id": "atpkf17", "wpi_rank": 69.0, "tour_rank": 75, "performance_score": 18.63679927587033, "volume_score": 10.019789327961522, "sentiment": 0.24862267263916285, "win_prob_prematch": 0.2940539174118407, "upset_alert": 0}, "publication_date_milliseconds": 1656333017064}