{"wta317414": {"player_id": "wta317414", "wpi_rank": 54.0, "tour_rank": 102, "performance_score": 68.2667987335727, "volume_score": 13.96784406671737, "sentiment": 0.2809767286146834, "win_prob_prematch": 0.3500763453335485, "upset_alert": 0}, "wta326384": {"player_id": "wta326384", "wpi_rank": 23.0, "tour_rank": 25, "performance_score": 71.08000070750128, "volume_score": 7.778092222792154, "sentiment": 0.030506173173752975, "win_prob_prematch": 0.6499236546664515, "upset_alert": 0}, "publication_date_milliseconds": 1656600617529}