{"wta322191": {"player_id": "wta322191", "wpi_rank": 78.0, "tour_rank": 81, "performance_score": 18.63721675237491, "volume_score": 9.85504288370153, "sentiment": 0.16337734703241746, "win_prob_prematch": 0.3896638476515568, "upset_alert": 0}, "wta314320": {"player_id": "wta314320", "wpi_rank": 14.0, "tour_rank": 18, "performance_score": 18.63721675237491, "volume_score": 13.784015227818278, "sentiment": 0.059805446288310346, "win_prob_prematch": 0.6103361523484432, "upset_alert": 0}, "publication_date_milliseconds": 1656388234705}