{"atpd643": {"player_id": "atpd643", "wpi_rank": 2.0, "tour_rank": 3, "performance_score": 99.73568917571751, "volume_score": 15.922923553176977, "sentiment": 0.1353210792220705, "win_prob_prematch": 0.4781204232267804, "upset_alert": 0}, "atpke17": {"player_id": "atpke17", "wpi_rank": 1.0, "tour_rank": 40, "performance_score": 99.46307081518792, "volume_score": 15.164751560942337, "sentiment": -0.07459928426066706, "win_prob_prematch": 0.5218795767732196, "upset_alert": 0}, "publication_date_milliseconds": 1657458015287}