{"wta323079": {"player_id": "wta323079", "wpi_rank": 41.0, "tour_rank": 60.0, "performance_score": 18.637077594774954, "volume_score": 10.453198210989635, "sentiment": 0.40206748753715443, "win_prob_prematch": 0.6716931218363502, "upset_alert": 0}, "wta325956": {"player_id": "wta325956", "wpi_rank": 104.0, "tour_rank": 100, "performance_score": 18.637077594774954, "volume_score": 8.086042879454778, "sentiment": 0.43438915608899675, "win_prob_prematch": 0.3283068781636498, "upset_alert": 0}, "publication_date_milliseconds": 1656351935615}