{"atpbi23": {"player_id": "atpbi23", "wpi_rank": 80.0, "tour_rank": 132, "performance_score": 18.651943838749137, "volume_score": 11.706022088673793, "sentiment": 0.13270504633726204, "win_prob_prematch": 0.6934328543575349, "upset_alert": 0}, "atpki63": {"player_id": "atpki63", "wpi_rank": 124.0, "tour_rank": 243, "performance_score": 18.651943838749137, "volume_score": 11.44542537538336, "sentiment": 0.3246847416005548, "win_prob_prematch": 0.3065671456424651, "upset_alert": 0}, "publication_date_milliseconds": 1656432013535}