{"wta320983": {"player_id": "wta320983", "wpi_rank": 7.0, "tour_rank": 66, "performance_score": 89.84139505367625, "volume_score": 11.628532144053306, "sentiment": 0.20967604357085906, "win_prob_prematch": 0.6053448787761515, "upset_alert": 1}, "wta315391": {"player_id": "wta315391", "wpi_rank": 12.0, "tour_rank": 55, "performance_score": 93.06549560189674, "volume_score": 9.00861992984188, "sentiment": 0.28085178585181997, "win_prob_prematch": 0.3946551212238485, "upset_alert": 0}, "publication_date_milliseconds": 1656842420253}