{"atps0ag": {"player_id": "atps0ag", "wpi_rank": 8.0, "tour_rank": 13, "performance_score": 74.07267539442766, "volume_score": 9.042243069910425, "sentiment": 0.17560604639220706, "win_prob_prematch": 0.5968260897804458, "upset_alert": 0}, "atpi186": {"player_id": "atpi186", "wpi_rank": 18.0, "tour_rank": 24, "performance_score": 74.19767318598612, "volume_score": 16.054486669846824, "sentiment": 0.09691465204155945, "win_prob_prematch": 0.4031739102195542, "upset_alert": 0}, "publication_date_milliseconds": 1656688214189}