{"wta323802": {"player_id": "wta323802", "wpi_rank": 100.0, "tour_rank": 141, "performance_score": 18.63679927587033, "volume_score": 12.690017482052056, "sentiment": 0.053483067073141655, "win_prob_prematch": 0.4819344979915433, "upset_alert": 0}, "wta315295": {"player_id": "wta315295", "wpi_rank": 77.0, "tour_rank": 101.0, "performance_score": 18.63679927587033, "volume_score": 1.757523050573713, "sentiment": 0.37738222003552535, "win_prob_prematch": 0.5180655020084567, "upset_alert": 0}, "publication_date_milliseconds": 1656324058812}