{"wta310440": {"player_id": "wta310440", "wpi_rank": 86.0, "tour_rank": 103, "performance_score": 50.97657287553344, "volume_score": 14.219184389000054, "sentiment": -0.011044752972936188, "win_prob_prematch": 0.2931355751306306, "upset_alert": 0}, "wta312469": {"player_id": "wta312469", "wpi_rank": 17.0, "tour_rank": 32, "performance_score": 50.97657287553344, "volume_score": 1.1979175889363058, "sentiment": 0.5130711595648465, "win_prob_prematch": 0.7068644248693694, "upset_alert": 0}, "publication_date_milliseconds": 1656509433881}