{"wta323007": {"player_id": "wta323007", "wpi_rank": 97.0, "tour_rank": 125, "performance_score": 18.63679927587033, "volume_score": 7.221329878335567, "sentiment": 0.3621471184434998, "win_prob_prematch": 0.26147028669478034, "upset_alert": 0}, "wta316847": {"player_id": "wta316847", "wpi_rank": 1.0, "tour_rank": 2.0, "performance_score": 18.63679927587033, "volume_score": 17.337403604674897, "sentiment": -0.0010033815612857933, "win_prob_prematch": 0.7385297133052197, "upset_alert": 0}, "publication_date_milliseconds": 1656331250151}