{"wta316296": {"player_id": "wta316296", "wpi_rank": 50.0, "tour_rank": 58, "performance_score": 60.63595521516883, "volume_score": 4.989210605444223, "sentiment": 0.13116274081120174, "win_prob_prematch": 0.3514684710296141, "upset_alert": 0}, "wta318314": {"player_id": "wta318314", "wpi_rank": 14.0, "tour_rank": 14, "performance_score": 52.308222933654065, "volume_score": 6.076109450448379, "sentiment": 0.05702896188895057, "win_prob_prematch": 0.6485315289703859, "upset_alert": 0}, "publication_date_milliseconds": 1656594020647}