{"atphh06": {"player_id": "atphh06", "wpi_rank": 81.0, "tour_rank": 105, "performance_score": 18.651527037268483, "volume_score": 13.432432312649302, "sentiment": 0.20638811580438804, "win_prob_prematch": 0.5598152861282618, "upset_alert": 0}, "atpgf95": {"player_id": "atpgf95", "wpi_rank": 128.0, "tour_rank": 141, "performance_score": 18.651527037268483, "volume_score": 12.81949005686225, "sentiment": 0.382351620839792, "win_prob_prematch": 0.4401847138717382, "upset_alert": 0}, "publication_date_milliseconds": 1656409812586}