{"atpgb88": {"player_id": "atpgb88", "wpi_rank": 8.0, "tour_rank": 58, "performance_score": 87.1324631141039, "volume_score": 15.855647023568192, "sentiment": 0.08844923618617088, "win_prob_prematch": 0.5112222371340012, "upset_alert": 0}, "atptd51": {"player_id": "atptd51", "wpi_rank": 12.0, "tour_rank": 28, "performance_score": 85.34986514833683, "volume_score": 15.384988277600522, "sentiment": 0.15546534969308817, "win_prob_prematch": 0.48877776286599883, "upset_alert": 0}, "publication_date_milliseconds": 1656849015026}