{"atpcf59": {"player_id": "atpcf59", "wpi_rank": 91.0, "tour_rank": 87, "performance_score": 18.651943838749137, "volume_score": 11.033700296052048, "sentiment": 0.30545350205752597, "win_prob_prematch": 0.4664620305558296, "upset_alert": 0}, "atptc61": {"player_id": "atptc61", "wpi_rank": 47.0, "tour_rank": 76, "performance_score": 18.651943838749137, "volume_score": 14.477742913364889, "sentiment": 0.14214196002111762, "win_prob_prematch": 0.5335379694441704, "upset_alert": 0}, "publication_date_milliseconds": 1656426014823}