{"atpm0ej": {"player_id": "atpm0ej", "wpi_rank": 69.0, "tour_rank": 70, "performance_score": 18.651943838749137, "volume_score": 8.918789554858268, "sentiment": 0.011962595448130046, "win_prob_prematch": 0.3441426790252583, "upset_alert": 0}, "atpfb98": {"player_id": "atpfb98", "wpi_rank": 11.0, "tour_rank": 14, "performance_score": 18.651943838749137, "volume_score": 11.441436650179936, "sentiment": 0.16998935630401146, "win_prob_prematch": 0.6558573209747417, "upset_alert": 0}, "publication_date_milliseconds": 1656435013326}