{"atpce77": {"player_id": "atpce77", "wpi_rank": 63.0, "tour_rank": 70, "performance_score": 18.63679927587033, "volume_score": 8.038637997284514, "sentiment": 0.27130276818172205, "win_prob_prematch": 0.486868418921233, "upset_alert": 0}, "atpv708": {"player_id": "atpv708", "wpi_rank": 57.0, "tour_rank": 66.0, "performance_score": 18.63679927587033, "volume_score": 8.637198612084802, "sentiment": 0.40169550575043395, "win_prob_prematch": 0.513131581078767, "upset_alert": 0}, "publication_date_milliseconds": 1656342023675}