{"wta321454": {"player_id": "wta321454", "wpi_rank": 59.0, "tour_rank": 88, "performance_score": 68.36629110140262, "volume_score": 10.924261987724853, "sentiment": 0.0024497326058324637, "win_prob_prematch": 0.3954798179435646, "upset_alert": 0}, "wta328120": {"player_id": "wta328120", "wpi_rank": 18.0, "tour_rank": 52, "performance_score": 60.643914604595224, "volume_score": 7.342978934149318, "sentiment": 0.23817143622967732, "win_prob_prematch": 0.6045201820564354, "upset_alert": 0}, "publication_date_milliseconds": 1656589221722}