{"atps0ag": {"player_id": "atps0ag", "wpi_rank": 10.0, "tour_rank": 13, "performance_score": 87.00554390170812, "volume_score": 8.387685310863931, "sentiment": 0.24470266670358032, "win_prob_prematch": 0.42347895272908387, "upset_alert": 0}, "atpa0e2": {"player_id": "atpa0e2", "wpi_rank": 3.0, "tour_rank": 7, "performance_score": 91.33974686668195, "volume_score": 14.244478132877365, "sentiment": 0.20655707481396934, "win_prob_prematch": 0.5765210472709161, "upset_alert": 0}, "publication_date_milliseconds": 1656859815338}