{"atpv812": {"player_id": "atpv812", "wpi_rank": 10.0, "tour_rank": 25, "performance_score": 87.24424665011533, "volume_score": 15.926258517775079, "sentiment": 0.08383015991757807, "win_prob_prematch": 0.3421151770187088, "upset_alert": 0}, "atpn409": {"player_id": "atpn409", "wpi_rank": 1.0, "tour_rank": 4, "performance_score": 97.0608173542514, "volume_score": 16.36909478280774, "sentiment": 0.07625447920727807, "win_prob_prematch": 0.6578848229812913, "upset_alert": 0}, "publication_date_milliseconds": 1656955215405}