{"atpme82": {"player_id": "atpme82", "wpi_rank": 62.0, "tour_rank": 73, "performance_score": 18.63679927587033, "volume_score": 11.078474003212438, "sentiment": 0.17875645897625517, "win_prob_prematch": 0.6215344537628519, "upset_alert": 0}, "atpph71": {"player_id": "atpph71", "wpi_rank": 93.0, "tour_rank": 156.0, "performance_score": 18.63679927587033, "volume_score": 12.93228145216396, "sentiment": 0.20282750028227833, "win_prob_prematch": 0.3784655462371481, "upset_alert": 0}, "publication_date_milliseconds": 1656324027171}