{"wta316266": {"player_id": "wta316266", "wpi_rank": 20.0, "tour_rank": 29, "performance_score": 18.63679927587033, "volume_score": 16.91055756209678, "sentiment": -0.016818808864085294, "win_prob_prematch": 0.7053887134626976, "upset_alert": 0}, "wta327909": {"player_id": "wta327909", "wpi_rank": 124.0, "tour_rank": 119.0, "performance_score": 18.63679927587033, "volume_score": 0.7538580315386868, "sentiment": 0.4297026778047419, "win_prob_prematch": 0.2946112865373024, "upset_alert": 0}, "publication_date_milliseconds": 1656347448087}