{"atpr0dg": {"player_id": "atpr0dg", "wpi_rank": 24.0, "tour_rank": 29.0, "performance_score": 18.651804906153743, "volume_score": 12.389035389013229, "sentiment": 0.1467033696943986, "win_prob_prematch": 0.5928199831655167, "upset_alert": 0}, "atpgc88": {"player_id": "atpgc88", "wpi_rank": 62.0, "tour_rank": 65, "performance_score": 18.651804906153743, "volume_score": 12.06904957121014, "sentiment": 0.09128288592548689, "win_prob_prematch": 0.40718001683448335, "upset_alert": 0}, "publication_date_milliseconds": 1656423017651}