{"atpdb59": {"player_id": "atpdb59", "wpi_rank": 112.0, "tour_rank": 153, "performance_score": 18.651943838749137, "volume_score": 16.823999716357317, "sentiment": 0.16291469793180974, "win_prob_prematch": 0.3865771526636068, "upset_alert": 0}, "atpbf23": {"player_id": "atpbf23", "wpi_rank": 92.0, "tour_rank": 102, "performance_score": 18.651943838749137, "volume_score": 9.029144285486359, "sentiment": 0.1558043832076079, "win_prob_prematch": 0.6134228473363932, "upset_alert": 0}, "publication_date_milliseconds": 1656434413569}