{"wta325940": {"player_id": "wta325940", "wpi_rank": 78.0, "tour_rank": 97.0, "performance_score": 18.63679927587033, "volume_score": 9.099984913965232, "sentiment": 0.32015232058156046, "win_prob_prematch": 0.5748580492206358, "upset_alert": 0}, "wta326160": {"player_id": "wta326160", "wpi_rank": 99.0, "tour_rank": 105, "performance_score": 18.63679927587033, "volume_score": 10.668488823023063, "sentiment": 0.3389351604813786, "win_prob_prematch": 0.42514195077936423, "upset_alert": 0}, "publication_date_milliseconds": 1656342051611}