{"wta327793": {"player_id": "wta327793", "wpi_rank": 41.0, "tour_rank": 53.0, "performance_score": 18.63679927587033, "volume_score": 9.110190172779468, "sentiment": 0.42032025397751793, "win_prob_prematch": 0.6731554301784883, "upset_alert": 0}, "wta324750": {"player_id": "wta324750", "wpi_rank": 83.0, "tour_rank": 139, "performance_score": 18.63679927587033, "volume_score": 17.299688517752713, "sentiment": 0.19896946132745486, "win_prob_prematch": 0.32684456982151167, "upset_alert": 0}, "publication_date_milliseconds": 1656347745302}