{"wta314610": {"player_id": "wta314610", "wpi_rank": 23.0, "tour_rank": 27, "performance_score": 18.63721675237491, "volume_score": 11.107610803231918, "sentiment": 0.18344132159266915, "win_prob_prematch": 0.6480306107671775, "upset_alert": 0}, "wta320277": {"player_id": "wta320277", "wpi_rank": 88.0, "tour_rank": 92, "performance_score": 18.63721675237491, "volume_score": 8.341135075895055, "sentiment": 0.3369027657797232, "win_prob_prematch": 0.3519693892328225, "upset_alert": 0}, "publication_date_milliseconds": 1656388233859}