{"wta312536": {"player_id": "wta312536", "wpi_rank": 84.0, "tour_rank": 500, "performance_score": 68.97145538575957, "volume_score": 1.2740601703468915, "sentiment": 0.23625011850589026, "win_prob_prematch": 0.17374041922249725, "upset_alert": 0}, "wta319939": {"player_id": "wta319939", "wpi_rank": 9.0, "tour_rank": 17, "performance_score": 50.97657287553344, "volume_score": 11.8432702353337, "sentiment": 0.24238055308867545, "win_prob_prematch": 0.8262595807775027, "upset_alert": 0}, "publication_date_milliseconds": 1656509434729}