{"wta318872": {"player_id": "wta318872", "wpi_rank": 19.0, "tour_rank": 45, "performance_score": 53.95316341510869, "volume_score": 8.135822558678388, "sentiment": 0.131455002287755, "win_prob_prematch": 0.6609910477318398, "upset_alert": 0}, "wta320016": {"player_id": "wta320016", "wpi_rank": 96.0, "tour_rank": 115, "performance_score": 51.25316164635549, "volume_score": 11.13120611281108, "sentiment": -0.01482568823365002, "win_prob_prematch": 0.3390089522681602, "upset_alert": 0}, "publication_date_milliseconds": 1656592827157}