{"wta325088": {"player_id": "wta325088", "wpi_rank": 39.0, "tour_rank": 56, "performance_score": 74.20052355094893, "volume_score": 6.144648637175655, "sentiment": 0.09304858294119263, "win_prob_prematch": 0.4207176250161453, "upset_alert": 0}, "wta324166": {"player_id": "wta324166", "wpi_rank": 13.0, "tour_rank": 23, "performance_score": 56.57136034809063, "volume_score": 14.253497709464598, "sentiment": -0.04655367781854795, "win_prob_prematch": 0.5792823749838547, "upset_alert": 0}, "publication_date_milliseconds": 1656592220056}