{"atpn771": {"player_id": "atpn771", "wpi_rank": 6.0, "tour_rank": 12, "performance_score": 74.48256214554513, "volume_score": 8.623522552605078, "sentiment": 0.05459622267683145, "win_prob_prematch": 0.6871303746108696, "upset_alert": 0}, "atpj386": {"player_id": "atpj386", "wpi_rank": 52.0, "tour_rank": 93, "performance_score": 63.289738697196164, "volume_score": 13.612833695517747, "sentiment": 0.2286162931382904, "win_prob_prematch": 0.31286962538913043, "upset_alert": 0}, "publication_date_milliseconds": 1656692413930}