{"wta317421": {"player_id": "wta317421", "wpi_rank": 26.0, "tour_rank": 39, "performance_score": 18.63721675237491, "volume_score": 16.943166339067428, "sentiment": 0.05096067247478791, "win_prob_prematch": 0.6221406855615158, "upset_alert": 0}, "wta313711": {"player_id": "wta313711", "wpi_rank": 71.0, "tour_rank": 80, "performance_score": 18.63721675237491, "volume_score": 10.805894124067674, "sentiment": 0.24778518061546206, "win_prob_prematch": 0.3778593144384842, "upset_alert": 0}, "publication_date_milliseconds": 1656388231355}