{"atpmn13": {"player_id": "atpmn13", "wpi_rank": 126.0, "tour_rank": 176.0, "performance_score": 18.63679927587033, "volume_score": 1.8728868458650954, "sentiment": 0.29416738327788955, "win_prob_prematch": 0.6033874742716854, "upset_alert": 0}, "atpbh09": {"player_id": "atpbh09", "wpi_rank": 115.0, "tour_rank": 202, "performance_score": 18.63679927587033, "volume_score": 1.7384436536601382, "sentiment": 0.34263400478411205, "win_prob_prematch": 0.3966125257283146, "upset_alert": 0}, "publication_date_milliseconds": 1656324024438}