{"atpsh90": {"player_id": "atpsh90", "wpi_rank": 44.0, "tour_rank": 60.0, "performance_score": 18.651665972326867, "volume_score": 8.774386838862938, "sentiment": 0.12468050925424407, "win_prob_prematch": 0.6202703222170379, "upset_alert": 0}, "atpg628": {"player_id": "atpg628", "wpi_rank": 65.0, "tour_rank": 69, "performance_score": 18.651665972326867, "volume_score": 13.837453575259048, "sentiment": 0.20927461820163984, "win_prob_prematch": 0.37972967778296207, "upset_alert": 0}, "publication_date_milliseconds": 1656415823489}