{"atpea24": {"player_id": "atpea24", "wpi_rank": 71.0, "tour_rank": 79.0, "performance_score": 18.63679927587033, "volume_score": 13.45408077240498, "sentiment": 0.0874025700516625, "win_prob_prematch": 0.581254574836632, "upset_alert": 0}, "atphh26": {"player_id": "atphh26", "wpi_rank": 113.0, "tour_rank": 103, "performance_score": 18.63679927587033, "volume_score": 9.691002511381082, "sentiment": 0.3874328304816612, "win_prob_prematch": 0.418745425163368, "upset_alert": 0}, "publication_date_milliseconds": 1656324023118}