{"atpgd64": {"player_id": "atpgd64", "wpi_rank": 18.0, "tour_rank": 43, "performance_score": 61.73302439110671, "volume_score": 8.102658436068415, "sentiment": 0.42840089504475465, "win_prob_prematch": 0.6506617975444773, "upset_alert": 0}, "atpgf95": {"player_id": "atpgf95", "wpi_rank": 89.0, "tour_rank": 141, "performance_score": 52.72410103118312, "volume_score": 8.580221801652016, "sentiment": 0.14382062888997124, "win_prob_prematch": 0.3493382024555227, "upset_alert": 0}, "publication_date_milliseconds": 1656594613155}