{"atpmo44": {"player_id": "atpmo44", "wpi_rank": 38.0, "tour_rank": 50, "performance_score": 18.651804906153743, "volume_score": 8.987967292308374, "sentiment": 0.07405300039701679, "win_prob_prematch": 0.5451874992763069, "upset_alert": 0}, "atpmv14": {"player_id": "atpmv14", "wpi_rank": 54.0, "tour_rank": 51, "performance_score": 18.651804906153743, "volume_score": 14.96487690296275, "sentiment": 0.25563275557484116, "win_prob_prematch": 0.45481250072369306, "upset_alert": 0}, "publication_date_milliseconds": 1656416420090}