{"wta310331": {"player_id": "wta310331", "wpi_rank": 55.0, "tour_rank": 190, "performance_score": 70.81955179793763, "volume_score": 5.419902011072395, "sentiment": 0.2731502522524778, "win_prob_prematch": 0.25325393973983423, "upset_alert": 0}, "wta314320": {"player_id": "wta314320", "wpi_rank": 7.0, "tour_rank": 18, "performance_score": 73.34754231742045, "volume_score": 11.418628508764172, "sentiment": 0.12562338568588904, "win_prob_prematch": 0.7467460602601658, "upset_alert": 0}, "publication_date_milliseconds": 1656604216318}