{"atpmh30": {"player_id": "atpmh30", "wpi_rank": 81.0, "tour_rank": 86.0, "performance_score": 18.637077594774954, "volume_score": 16.32383217378958, "sentiment": 0.11497785106633279, "win_prob_prematch": 0.28633631909829693, "upset_alert": 0}, "atpki95": {"player_id": "atpki95", "wpi_rank": 25.0, "tour_rank": 30.0, "performance_score": 18.637077594774954, "volume_score": 8.299464006815278, "sentiment": 0.3563831113587098, "win_prob_prematch": 0.7136636809017031, "upset_alert": 0}, "publication_date_milliseconds": 1656349812039}