{"wta315806": {"player_id": "wta315806", "wpi_rank": 86.0, "tour_rank": 132, "performance_score": 62.16355603562764, "volume_score": 1.2590087298354966, "sentiment": 0.3872707112829257, "win_prob_prematch": 0.21583280668928995, "upset_alert": 0}, "wta316847": {"player_id": "wta316847", "wpi_rank": 1.0, "tour_rank": 2, "performance_score": 50.97657287553344, "volume_score": 17.08736918527438, "sentiment": -0.01047970848325246, "win_prob_prematch": 0.78416719331071, "upset_alert": 0}, "publication_date_milliseconds": 1656526225507}