{"wta230234": {"player_id": "wta230234", "wpi_rank": 95.0, "tour_rank": 1204, "performance_score": 18.63721675237491, "volume_score": 16.96712619300106, "sentiment": -0.018507580597235382, "win_prob_prematch": 0.4733952662111903, "upset_alert": 0}, "wta320016": {"player_id": "wta320016", "wpi_rank": 85.0, "tour_rank": 115, "performance_score": 18.63721675237491, "volume_score": 10.127918997945665, "sentiment": 0.08388797165724127, "win_prob_prematch": 0.5266047337888097, "upset_alert": 0}, "publication_date_milliseconds": 1656388236410}