{"atpbd80": {"player_id": "atpbd80", "wpi_rank": 126.0, "tour_rank": 331, "performance_score": 18.651943838749137, "volume_score": 1.5467389955503554, "sentiment": 0.18538864838178903, "win_prob_prematch": 0.1760341625099279, "upset_alert": 0}, "atpbd06": {"player_id": "atpbd06", "wpi_rank": 17.0, "tour_rank": 19, "performance_score": 18.651943838749137, "volume_score": 10.93752769948058, "sentiment": 0.2912164261289865, "win_prob_prematch": 0.8239658374900721, "upset_alert": 0}, "publication_date_milliseconds": 1656434413193}