{"wta320983": {"player_id": "wta320983", "wpi_rank": 35.0, "tour_rank": 66, "performance_score": 61.52718998459441, "volume_score": 14.152780974979194, "sentiment": -0.20898794751114488, "win_prob_prematch": 0.6051517218534335, "upset_alert": 0}, "wta326096": {"player_id": "wta326096", "wpi_rank": 57.0, "tour_rank": 67, "performance_score": 53.941263966851416, "volume_score": 14.166947036636977, "sentiment": -0.14189173185785897, "win_prob_prematch": 0.39484827814656653, "upset_alert": 0}, "publication_date_milliseconds": 1656514229788}