{"atpci14": {"player_id": "atpci14", "wpi_rank": 84.0, "tour_rank": 159, "performance_score": 18.637077594774954, "volume_score": 13.236990628993327, "sentiment": 0.10392384682851899, "win_prob_prematch": 0.6734169327285228, "upset_alert": 0}, "atphb05": {"player_id": "atphb05", "wpi_rank": 119.0, "tour_rank": 248.0, "performance_score": 18.637077594774954, "volume_score": 16.362434331960813, "sentiment": 0.143477508057779, "win_prob_prematch": 0.32658306727147723, "upset_alert": 0}, "publication_date_milliseconds": 1656352212221}