{"wta326408": {"player_id": "wta326408", "wpi_rank": 1.0, "tour_rank": 1, "performance_score": 95.37670021401914, "volume_score": 14.343704122963723, "sentiment": 0.009302147052017817, "win_prob_prematch": 0.7712965268690776, "upset_alert": 0}, "wta316537": {"player_id": "wta316537", "wpi_rank": 91.0, "tour_rank": 138, "performance_score": 46.675186161274915, "volume_score": 5.216053204096433, "sentiment": 0.15062860956754556, "win_prob_prematch": 0.22870347313092243, "upset_alert": 0}, "publication_date_milliseconds": 1656600017693}