{"atpkb95": {"player_id": "atpkb95", "wpi_rank": 40.0, "tour_rank": 99, "performance_score": 85.66702762664413, "volume_score": 5.863838853379818, "sentiment": 0.21370197146789915, "win_prob_prematch": 0.3327338662750272, "upset_alert": 0}, "atpfb98": {"player_id": "atpfb98", "wpi_rank": 7.0, "tour_rank": 14, "performance_score": 86.60420298276196, "volume_score": 6.73498494532777, "sentiment": 0.17508124067894593, "win_prob_prematch": 0.6672661337249728, "upset_alert": 0}, "publication_date_milliseconds": 1656942014564}