{"wta326408": {"player_id": "wta326408", "wpi_rank": 2.0, "tour_rank": 1, "performance_score": 18.63721675237491, "volume_score": 14.985557532490006, "sentiment": -0.04918052311861129, "win_prob_prematch": 0.762602323242709, "upset_alert": 0}, "wta320945": {"player_id": "wta320945", "wpi_rank": 118.0, "tour_rank": 252, "performance_score": 18.63721675237491, "volume_score": 9.092320866814271, "sentiment": -0.2208417606298868, "win_prob_prematch": 0.23739767675729095, "upset_alert": 0}, "publication_date_milliseconds": 1656388227350}