{"atprc04": {"player_id": "atprc04", "wpi_rank": 115.0, "tour_rank": 188, "performance_score": 18.651943838749137, "volume_score": 15.906149727880303, "sentiment": 0.11787389920835664, "win_prob_prematch": 0.24919282094896342, "upset_alert": 0}, "atpte51": {"player_id": "atpte51", "wpi_rank": 6.0, "tour_rank": 5, "performance_score": 18.651943838749137, "volume_score": 14.967469730007624, "sentiment": 0.024700493594042708, "win_prob_prematch": 0.7508071790510366, "upset_alert": 0}, "publication_date_milliseconds": 1656432613938}