{"wta316981": {"player_id": "wta316981", "wpi_rank": 56.0, "tour_rank": 121, "performance_score": 71.0287804102401, "volume_score": 8.757795798660801, "sentiment": -0.026640680427268963, "win_prob_prematch": 0.38534610671388747, "upset_alert": 0}, "wta324702": {"player_id": "wta324702", "wpi_rank": 17.0, "tour_rank": 62, "performance_score": 68.52374516351301, "volume_score": 6.095298669634812, "sentiment": 0.22803641437976863, "win_prob_prematch": 0.6146538932861125, "upset_alert": 0}, "publication_date_milliseconds": 1656676824826}