{"atpgd64": {"player_id": "atpgd64", "wpi_rank": 31.0, "tour_rank": 43, "performance_score": 71.64629842054178, "volume_score": 6.284743668931439, "sentiment": 0.32624075214512654, "win_prob_prematch": 0.47679742595038366, "upset_alert": 0}, "atpb0cd": {"player_id": "atpb0cd", "wpi_rank": 11.0, "tour_rank": 34, "performance_score": 73.59988529074384, "volume_score": 5.9101738286420185, "sentiment": 0.28704584655818965, "win_prob_prematch": 0.5232025740496163, "upset_alert": 0}, "publication_date_milliseconds": 1656756014005}