{"atpn771": {"player_id": "atpn771", "wpi_rank": 5.0, "tour_rank": 12, "performance_score": 87.21046554672213, "volume_score": 7.575490489872904, "sentiment": 0.11272151148403932, "win_prob_prematch": 0.5355351688129186, "upset_alert": 0}, "atppl56": {"player_id": "atppl56", "wpi_rank": 11.0, "tour_rank": 32, "performance_score": 86.4908159847697, "volume_score": 15.442718891572211, "sentiment": -0.13467988393637262, "win_prob_prematch": 0.4644648311870814, "upset_alert": 0}, "publication_date_milliseconds": 1656858614869}