{"wta328560": {"player_id": "wta328560", "wpi_rank": 9.0, "tour_rank": 12, "performance_score": 18.63721675237491, "volume_score": 15.12798555309548, "sentiment": 0.04731953133284948, "win_prob_prematch": 0.5990375551637834, "upset_alert": 0}, "wta320408": {"player_id": "wta320408", "wpi_rank": 52.0, "tour_rank": 54, "performance_score": 18.63721675237491, "volume_score": 14.73486646818442, "sentiment": -0.06061100299202436, "win_prob_prematch": 0.40096244483621657, "upset_alert": 0}, "publication_date_milliseconds": 1656388234993}