{"wta318872": {"player_id": "wta318872", "wpi_rank": 33.0, "tour_rank": 45, "performance_score": 18.63721675237491, "volume_score": 12.314921220887669, "sentiment": 0.3630349857557111, "win_prob_prematch": 0.7001269449881794, "upset_alert": 0}, "wta314917": {"player_id": "wta314917", "wpi_rank": 109.0, "tour_rank": 261, "performance_score": 18.63721675237491, "volume_score": 8.879788088402988, "sentiment": 0.21670248606589856, "win_prob_prematch": 0.2998730550118206, "upset_alert": 0}, "publication_date_milliseconds": 1656388236132}