{"atpgj37": {"player_id": "atpgj37", "wpi_rank": 38.0, "tour_rank": 53.0, "performance_score": 18.637077594774954, "volume_score": 1.7197927019735908, "sentiment": 0.40711244623227405, "win_prob_prematch": 0.579826352211864, "upset_alert": 0}, "atpf510": {"player_id": "atpf510", "wpi_rank": 63.0, "tour_rank": 62.0, "performance_score": 18.637077594774954, "volume_score": 10.904444128922334, "sentiment": 0.18752092369359186, "win_prob_prematch": 0.42017364778813604, "upset_alert": 0}, "publication_date_milliseconds": 1656351014341}