{"atppl56": {"player_id": "atppl56", "wpi_rank": 10.0, "tour_rank": 32, "performance_score": 71.52369216091589, "volume_score": 16.27444744792495, "sentiment": 0.17625899322052713, "win_prob_prematch": 0.5199350916345746, "upset_alert": 0}, "atpv708": {"player_id": "atpv708", "wpi_rank": 39.0, "tour_rank": 68, "performance_score": 74.1053603293228, "volume_score": 6.143001007049345, "sentiment": 0.3193593159444039, "win_prob_prematch": 0.48006490836542537, "upset_alert": 0}, "publication_date_milliseconds": 1656682215752}