{"atpte30": {"player_id": "atpte30", "wpi_rank": 69.0, "tour_rank": 78, "performance_score": 51.60563455102438, "volume_score": 6.405716005878916, "sentiment": 0.11034701812338496, "win_prob_prematch": 0.44502070516148706, "upset_alert": 0}, "atpki95": {"player_id": "atpki95", "wpi_rank": 16.0, "tour_rank": 30, "performance_score": 50.97657287553344, "volume_score": 5.845271191542861, "sentiment": 0.34724842072965956, "win_prob_prematch": 0.5549792948385129, "upset_alert": 0}, "publication_date_milliseconds": 1656502212946}