{"wta313711": {"player_id": "wta313711", "wpi_rank": 44.0, "tour_rank": 80, "performance_score": 67.96942557134034, "volume_score": 7.7203741286508425, "sentiment": 0.3665400884045965, "win_prob_prematch": 0.4369710610790918, "upset_alert": 0}, "wta316956": {"player_id": "wta316956", "wpi_rank": 5.0, "tour_rank": 9, "performance_score": 86.1054001588282, "volume_score": 7.007411982705373, "sentiment": 0.291816363132194, "win_prob_prematch": 0.5630289389209082, "upset_alert": 0}, "publication_date_milliseconds": 1656774017060}