{"atpg0ao": {"player_id": "atpg0ao", "wpi_rank": 117.0, "tour_rank": 288, "performance_score": 18.651943838749137, "volume_score": 9.026485135350741, "sentiment": 0.043234401965995845, "win_prob_prematch": 0.2692455645808006, "upset_alert": 0}, "atpt0ap": {"player_id": "atpt0ap", "wpi_rank": 79.0, "tour_rank": 95, "performance_score": 18.651943838749137, "volume_score": 6.795014979879097, "sentiment": 0.13118032768042898, "win_prob_prematch": 0.7307544354191994, "upset_alert": 0}, "publication_date_milliseconds": 1656429016934}