{"wta325320": {"player_id": "wta325320", "wpi_rank": 68.0, "tour_rank": 95, "performance_score": 18.63721675237491, "volume_score": 11.278879388757504, "sentiment": 0.45461355952380955, "win_prob_prematch": 0.5430015571913037, "upset_alert": 0}, "wta319125": {"player_id": "wta319125", "wpi_rank": 96.0, "tour_rank": 118, "performance_score": 18.63721675237491, "volume_score": 14.597762859564197, "sentiment": 0.31764641960078344, "win_prob_prematch": 0.4569984428086963, "upset_alert": 0}, "publication_date_milliseconds": 1656388236705}