{"atpd643": {"player_id": "atpd643", "wpi_rank": 2.0, "tour_rank": 3, "performance_score": 86.105369163089, "volume_score": 16.561103160721544, "sentiment": -0.032252801175281016, "win_prob_prematch": 0.5535218432069036, "upset_alert": 0}, "atpki95": {"player_id": "atpki95", "wpi_rank": 24.0, "tour_rank": 30, "performance_score": 70.9353633328033, "volume_score": 5.33338633593046, "sentiment": 0.3866819708132345, "win_prob_prematch": 0.44647815679309644, "upset_alert": 0}, "publication_date_milliseconds": 1656684014331}