{"atpph78": {"player_id": "atpph78", "wpi_rank": 106.0, "tour_rank": 147, "performance_score": 18.63721675237491, "volume_score": 2.092493910203792, "sentiment": 0.09192411639331494, "win_prob_prematch": 0.43799173217274046, "upset_alert": 0}, "atpl949": {"player_id": "atpl949", "wpi_rank": 71.0, "tour_rank": 95, "performance_score": 18.63721675237491, "volume_score": 16.18088802317894, "sentiment": 0.08673882150796805, "win_prob_prematch": 0.5620082678272595, "upset_alert": 0}, "publication_date_milliseconds": 1656388214867}