{"atpc0au": {"player_id": "atpc0au", "wpi_rank": 48.0, "tour_rank": 41, "performance_score": 18.651943838749137, "volume_score": 13.518232906096545, "sentiment": 0.19780965501469877, "win_prob_prematch": 0.3911517877710713, "upset_alert": 0}, "atpn409": {"player_id": "atpn409", "wpi_rank": 3.0, "tour_rank": 4, "performance_score": 18.651943838749137, "volume_score": 16.924161038132212, "sentiment": 0.10050413730152763, "win_prob_prematch": 0.6088482122289287, "upset_alert": 0}, "publication_date_milliseconds": 1656425421868}